Frequency,Voltage,Active Power Load,Reactive Power Load,Secondary Control Signal 1,Secondary Control Signal 2,Loading Ratio,"Labels (0=>Normal, 1=>Attack)"
3596094.048,119.999998,0.003362325,0.000663849,3596094.048,0,0.001008698,0
3596094.048,119.9999973,0.00330298,0.000669853,3596094.048,10000000,0.000990894,0
3596094.048,119.9999986,0.0033361,0.000667902,3596094.048,8342258.997,0.00100083,0
3596094.048,119.9999978,0.003309259,0.000661063,3596094.048,2803644.86,0.000992778,0
3596094.048,119.9999979,0.003307382,0.000659654,3596094.048,1321023.891,0.000992215,0
3596094.048,119.9999982,0.003321585,0.000661005,3596094.048,2794901.629,0.000996475,0
3596094.048,119.9999978,0.003304563,0.000667811,3596094.048,2413658.9,0.000991369,0
3596094.048,119.9999981,0.003303947,0.000664214,3596094.048,1055202.628,0.000991184,0
3596094.048,119.999998,0.0033389,0.000666413,3596094.048,161586.2681,0.00100167,0
3596094.048,119.999998,0.003362073,0.000660152,3596094.048,163533.5628,0.001008622,0
3596094.048,119.999998,0.003325824,0.000668614,3596094.048,300840.134,0.000997747,0
3596094.048,119.999998,0.003351758,0.000666031,3596094.048,367633.287,0.001005527,0
3596094.048,119.999998,0.003358543,0.00066459,3596094.048,196995.6797,0.001007563,0
3596094.048,119.999998,0.003320691,0.000663456,3596094.048,58662.48829,0.000996207,0
3596094.048,119.999998,0.003317176,0.000663522,3596094.048,130612.7965,0.000995153,0
3596094.048,119.999998,0.00336188,0.000670641,3596094.048,257607.76,0.001008564,0
3596094.048,119.999998,0.003313781,0.000669694,3596094.048,169933.5541,0.000994134,0
3596094.048,119.999998,0.003317301,0.000667954,3596094.048,84145.96737,0.00099519,0
3596094.048,119.999998,0.003324511,0.000672405,3596094.048,90008.52702,0.000997353,0
3596094.048,119.999998,0.003298907,0.000661989,3596094.048,14234.03482,0.000989672,0
3596094.048,119.999998,0.003312354,0.000669333,3596094.048,302504.9966,0.000993706,0
3596094.048,119.999998,0.003334361,0.000660202,3596094.048,141283.5929,0.001000308,0
3596094.048,119.999998,0.003335822,0.000672518,3596094.048,195055.1418,0.001000746,0
3596094.048,119.999998,0.003336523,0.000666831,3596094.048,280841.5124,0.001000957,0
3596094.048,119.999998,0.003306959,0.000661471,3596094.048,237683.4626,0.000992088,0
3596094.048,119.999998,0.003357123,0.000669392,3596094.048,165753.8301,0.001007137,0
3596094.048,119.999998,0.003352172,0.000664561,3596094.048,90392.31028,0.001005651,0
3596094.048,119.999998,0.003332284,0.000672051,3596094.048,63551.67088,0.000999685,0
3596094.048,119.999998,0.003325765,0.000664365,3596094.048,94753.1152,0.000997729,0
3596094.048,119.999998,0.003350021,0.000664826,3596094.048,41211.8362,0.001005006,0
3596094.048,119.999998,0.003308958,0.000664078,3596094.048,213484.8466,0.000992687,0
3596094.048,119.999998,0.003330729,0.000661252,3596094.048,256411.8157,0.000999219,0
3596094.048,119.999998,0.003303911,0.000669842,3596094.048,236038.8702,0.000991173,0
3596094.048,119.999998,0.003344838,0.000670179,3596094.048,202463.2399,0.001003451,0
3596094.048,119.999998,0.003343617,0.000668878,3596094.048,146891.6934,0.001003085,0
3596094.048,119.999998,0.003317831,0.000669399,3596094.048,52884.11772,0.000995349,0
3596094.048,119.999998,0.003342773,0.000661026,3596094.048,125381.5873,0.001002832,0
3596094.048,119.999998,0.003327803,0.000669839,3596094.048,98022.16483,0.000998341,0
3596094.048,119.999998,0.003341222,0.000661641,3596094.048,154151.143,0.001002367,0
3596094.048,119.999998,0.00331845,0.000663989,3596094.048,129276.5821,0.000995535,0
3596094.048,119.999998,0.003345289,0.000663416,3596094.048,155779.5192,0.001003587,0
3596094.048,119.999998,0.003350966,0.000662311,3596094.048,2270.848283,0.00100529,0
3596094.048,119.999998,0.003311588,0.000665579,3596094.048,62389.78055,0.000993476,0
3596094.048,119.999998,0.003337676,0.000665713,3596094.048,174975.4392,0.001001303,0
3596094.048,119.999998,0.003305149,0.000672633,3596094.048,90028.12158,0.000991545,0
3596094.048,119.999998,0.003349223,0.000664529,3596094.048,133861.8461,0.001004767,0
3596094.048,119.999998,0.003352244,0.000668532,3596094.048,174347.0617,0.001005673,0
3596094.048,119.999998,0.00330752,0.000662822,3596094.048,66581.26138,0.000992256,0
3596094.048,119.999998,0.003317554,0.000660466,3596094.048,58624.51537,0.000995266,0
3596094.048,119.999998,0.003306263,0.000668303,3596094.048,157494.3818,0.000991879,0
3596094.048,119.999998,0.00336325,0.000660587,3596094.048,31105.63364,0.001008975,0
3596094.048,119.999998,0.003331605,0.000669559,3596094.048,134600.6289,0.000999481,0
3596094.048,119.999998,0.003330151,0.000672197,3596094.048,136972.7879,0.000999045,0
3596094.048,119.999998,0.00330618,0.000668479,3596094.048,18110.51607,0.000991854,0
3596094.048,119.999998,0.003357535,0.000661458,3596094.048,27131.99036,0.00100726,0
3596094.048,119.999998,0.003357467,0.000668618,3596094.048,139959.2703,0.00100724,0
3596094.048,119.999998,0.003360703,0.0006635,3596094.048,275411.79,0.001008211,0
3596094.048,119.999998,0.003323685,0.000667884,3596094.048,22920.10416,0.000997105,0
3596094.048,119.999998,0.003342776,0.000662331,3596094.048,133621.1708,0.001002833,0
3596094.048,119.999998,0.003328142,0.000664698,3596094.048,61053.16074,0.000998443,0
3596094.048,119.999998,0.003353347,0.000663659,3596094.048,184861.9123,0.001006004,0
3596094.048,119.999998,0.00333576,0.00066211,3596094.048,37831.9759,0.001000728,0
3596094.048,119.999998,0.003330787,0.000667559,3596094.048,18330.6509,0.000999236,0
3596094.048,119.999998,0.00335422,0.000667311,3596094.048,84884.61502,0.001006266,0
3596094.048,119.999998,0.003340301,0.000668316,3596094.048,91832.71374,0.00100209,0
3596094.048,119.999998,0.003309333,0.000663075,3596094.048,34476.8453,0.0009928,0
3596094.048,119.999998,0.003317489,0.000661609,3596094.048,93036.22563,0.000995247,0
3596094.048,119.999998,0.003335899,0.000672543,3596094.048,40758.05303,0.00100077,0
3596094.048,119.999998,0.00329807,0.000671509,3596094.048,38896.16365,0.000989421,0
3596094.048,119.999998,0.003354998,0.000671139,3596094.048,92535.14522,0.001006499,0
3596094.048,119.999998,0.003347376,0.000671022,3596094.048,68082.74583,0.001004213,0
3596094.048,119.999998,0.003327407,0.000663292,3596094.048,53531.68442,0.000998222,0
3596094.048,119.999998,0.003330796,0.000659537,3596094.048,13479.54935,0.000999239,0
3596094.048,119.999998,0.003337931,0.000660046,3596094.048,152382.2265,0.001001379,0
3596094.048,119.999998,0.003355148,0.000661878,3596094.048,260571.2695,0.001006544,0
3596094.048,119.999998,0.00332511,0.00067235,3596094.048,33054.41479,0.000997533,0
3596094.048,119.999998,0.003304838,0.000662055,3596094.048,13199.56324,0.000991451,0
3596094.048,119.999998,0.00335246,0.000668015,3596094.048,97697.70581,0.001005738,0
3596094.048,119.999998,0.003348199,0.000665756,3596094.048,77887.46231,0.00100446,0
3596094.048,119.999998,0.003306263,0.000664354,3596094.048,35744.68143,0.000991879,0
3596094.048,119.999998,0.003361598,0.000671561,3596094.048,93764.06248,0.001008479,0
3596094.048,119.999998,0.003348908,0.000670526,3596094.048,95091.35798,0.001004672,0
3596094.048,119.999998,0.003329163,0.000667623,3596094.048,51156.14709,0.000998749,0
3596094.048,119.999998,0.003362083,0.00066671,3596094.048,177925.4352,0.001008625,0
3596094.048,119.999998,0.003353439,0.000663468,3596094.048,58712.62336,0.001006032,0
3596094.048,119.999998,0.003330609,0.000666647,3596094.048,19146.19034,0.000999183,0
3596094.048,119.999998,0.003334242,0.000660485,3596094.048,180126.7836,0.001000273,0
3596094.048,119.999998,0.003307621,0.000669681,3596094.048,137006.5716,0.000992286,0
3596094.048,119.999998,0.003344931,0.000671824,3596094.048,199767.2976,0.001003479,0
3596094.048,119.999998,0.003331216,0.000668484,3596094.048,42219.94295,0.000999365,0
3596094.048,119.999998,0.003326218,0.000669808,3596094.048,145894.3974,0.000997865,0
3596094.048,119.999998,0.003319269,0.000666801,3596094.048,80199.08081,0.000995781,0
3596094.048,119.999998,0.003307219,0.000659591,3596094.048,44639.264,0.000992166,0
3596094.048,119.999998,0.003343874,0.00066766,3596094.048,108459.5832,0.001003162,0
3596094.048,119.999998,0.003357793,0.000664936,3596094.048,283334.7523,0.001007338,0
3596094.048,119.999998,0.00331946,0.000664621,3596094.048,328441.4481,0.000995838,0
3596094.048,119.999998,0.00330276,0.000671949,3596094.048,150280.878,0.000990828,0
3596094.048,119.999998,0.003361891,0.000670067,3596094.048,52695.7396,0.001008567,0
3596094.048,119.999998,0.003315389,0.000660508,3596094.048,153382.2252,0.000994617,0
3596094.048,119.999998,0.003355715,0.000662254,3596094.048,129205.6362,0.001006715,0
3596094.048,119.999998,0.003310935,0.000665428,3596094.048,40276.16179,0.000993281,0
3596094.048,119.999998,0.003342411,0.000666341,3596094.048,40636.29644,0.001002723,0
3596094.048,119.999998,0.003305166,0.000662577,3596094.048,110746.0666,0.00099155,0
3596094.048,119.999998,0.003319099,0.000659927,3596094.048,2232.064551,0.00099573,0
3596094.048,119.999998,0.003360113,0.000665766,3596094.048,50089.52691,0.001008034,0
3596094.048,119.999998,0.003325601,0.000659898,3596094.048,139636.2978,0.00099768,0
3596094.048,119.999998,0.003360547,0.000666075,3596094.048,529.4492845,0.001008164,0
3596094.048,119.999998,0.00332838,0.000664396,3596094.048,33109.95526,0.000998514,0
3596094.048,119.999998,0.003303512,0.000665546,3596094.048,125418.8846,0.000991054,0
3596094.048,119.999998,0.00335135,0.000665647,3596094.048,227557.8006,0.001005405,0
3596094.048,119.999998,0.003301357,0.00067216,3596094.048,161102.485,0.000990407,0
3596094.048,119.999998,0.003315844,0.000670991,3596094.048,219434.8386,0.000994753,0
3596094.048,119.999998,0.003310361,0.000661356,3596094.048,9248.379394,0.000993108,0
3596094.048,119.999998,0.003351498,0.000660817,3596094.048,59522.62227,0.001005449,0
3596094.048,119.999998,0.003341188,0.000661964,3596094.048,185753.803,0.001002356,0
3596094.048,119.999998,0.003349215,0.000667769,3596094.048,58681.94773,0.001004765,0
3596094.048,119.999998,0.00330909,0.000662178,3596094.048,19091.32555,0.000992727,0
3596094.048,119.999998,0.003343026,0.000670006,3596094.048,3360.860323,0.001002908,0
3596094.048,119.999998,0.003355756,0.000667363,3596094.048,88234.88076,0.001006727,0
3596094.048,119.999998,0.003340201,0.000662013,3596094.048,189987.5811,0.00100206,0
3596094.048,119.999998,0.003314073,0.000667029,3596094.048,45938.3163,0.000994222,0
3596094.048,119.999998,0.00331678,0.00066822,3596094.048,186055.154,0.000995034,0
3596094.048,119.999998,0.003333146,0.000667116,3596094.048,269387.4738,0.000999944,0
3596094.048,119.999998,0.003304983,0.000668944,3596094.048,128959.5555,0.000991495,0
3596094.048,119.999998,0.003361792,0.000662057,3596094.048,137945.7595,0.001008538,0
3596094.048,119.999998,0.003325585,0.000663921,3596094.048,51067.22829,0.000997675,0
3596094.048,119.999998,0.003311503,0.000659402,3596094.048,51348.57926,0.000993451,0
3596094.048,119.999998,0.00332392,0.0006598,3596094.048,66485.04529,0.000997176,0
3596094.048,119.999998,0.003323349,0.000663892,3596094.048,25249.15507,0.000997005,0
3596094.048,119.999998,0.003307263,0.000663641,3596094.048,304334.7239,0.000992179,0
3596094.048,119.999998,0.00333638,0.000660228,3596094.048,186928.1258,0.001000914,0
3596094.048,119.999998,0.003360674,0.000659777,3596094.048,113712.2788,0.001008202,0
3596094.048,119.999998,0.00333697,0.000666374,3596094.048,422566.9965,0.001001091,0
3596094.048,119.999998,0.003352027,0.000662852,3596094.048,5309.6685,0.001005608,0
3596094.048,119.999998,0.003359232,0.000665332,3596094.048,70731.3909,0.001007769,0
3596094.048,119.999998,0.003334705,0.000661386,3596094.048,1238.646975,0.001000412,0
3596094.048,119.999998,0.003332053,0.000666925,3596094.048,25556.45195,0.000999616,0
3596094.048,119.999998,0.003309589,0.000670736,3596094.048,45268.18207,0.000992877,0
3596094.048,119.999998,0.003299938,0.000666603,3596094.048,26305.64013,0.000989981,0
3596094.048,119.999998,0.003337338,0.000670395,3596094.048,72826.92861,0.001001201,0
3596094.048,119.999998,0.003345588,0.000672258,3596094.048,70845.0394,0.001003677,0
3596094.048,119.999998,0.003298493,0.000669629,3596094.048,29554.82493,0.000989548,0
3596094.048,119.999998,0.003345417,0.000666924,3596094.048,162348.4293,0.001003625,0
3596094.048,119.999998,0.0032983,0.000668894,3596094.048,114575.656,0.00098949,0
3596094.048,119.999998,0.003340961,0.0006645,3596094.048,215057.8175,0.001002288,0
3596094.048,119.999998,0.003321254,0.000669358,3596094.048,278.6482721,0.000996376,0
3596094.048,119.999998,0.003313651,0.000663943,3596094.048,170834.9043,0.000994095,0
3596094.048,119.999998,0.003360864,0.000660775,3596094.048,105888.911,0.001008259,0
3596094.048,119.999998,0.00331982,0.000671029,3596094.048,38619.81268,0.000995946,0
3596094.048,119.999998,0.003341398,0.000662938,3596094.048,132345.0914,0.001002419,0
3596094.048,119.999998,0.003318567,0.000670289,3596094.048,67062.47694,0.00099557,0
3596094.048,119.999998,0.003356563,0.000670445,3596094.048,6535.639817,0.001006969,0
3596094.048,119.999998,0.003354244,0.000663542,3596094.048,69109.23093,0.001006273,0
3596094.048,119.999998,0.003360523,0.000661627,3596094.048,81382.59273,0.001008157,0
3596094.048,119.999998,0.003305932,0.000665175,3596094.048,162248.4294,0.00099178,0
3596094.048,119.999998,0.003329136,0.000664886,3596094.048,152937.6312,0.000998741,0
3596094.048,119.999998,0.003335805,0.000672562,3596094.048,56275.46449,0.001000742,0
3596094.048,119.999998,0.003318231,0.00066495,3596094.048,41710.48418,0.000995469,0
3596094.048,119.999998,0.003315128,0.000661756,3596094.048,173682.1977,0.000994538,0
3596094.048,119.999998,0.003306369,0.000662173,3596094.048,101556.6195,0.000991911,0
3596094.048,119.999998,0.003334099,0.000667187,3596094.048,148430.8805,0.00100023,0
3596094.048,119.999998,0.003302415,0.000667098,3596094.048,6128.897123,0.000990725,0
3596094.048,119.999998,0.003313187,0.000665521,3596094.048,62286.67259,0.000993956,0
3596094.048,119.999998,0.003346068,0.000664444,3596094.048,176467.3291,0.00100382,0
3596094.048,119.999998,0.003323282,0.000664421,3596094.048,257063.1661,0.000996985,0
3596094.048,119.999998,0.003317302,0.000667188,3596094.048,138870.0826,0.000995191,0
3596094.048,119.999998,0.00333974,0.000664612,3596094.048,92937.71225,0.001001922,0
3596094.048,119.999998,0.003361938,0.000662969,3596094.048,57528.97631,0.001008581,0
3596094.048,119.999998,0.003352954,0.000672407,3596094.048,286060.4242,0.001005886,0
3596094.048,119.999998,0.003340573,0.000670972,3596094.048,233701.0355,0.001002172,0
3596094.048,119.999998,0.003307332,0.000666983,3596094.048,933.6906301,0.0009922,0
3596094.048,119.999998,0.003309076,0.000666441,3596094.048,223603.7519,0.000992723,0
3596094.048,119.999998,0.003333731,0.000664627,3596094.048,220211.8646,0.001000119,0
3596094.048,119.999998,0.00330553,0.000663172,3596094.048,106820.5313,0.000991659,0
3596094.048,119.999998,0.003342661,0.000670665,3596094.048,17146.19305,0.001002798,0
3596094.048,119.999998,0.003351575,0.000666746,3596094.048,130427.6616,0.001005473,0
3596094.048,119.999998,0.003299913,0.000663599,3596094.048,81249.4848,0.000989974,0
3596094.048,119.999998,0.003363252,0.000668601,3596094.048,120660.1072,0.001008975,0
3596094.048,119.999998,0.003335324,0.000660056,3596094.048,80692.59366,0.001000597,0
3596094.048,119.999998,0.003309636,0.000661974,3596094.048,23974.83247,0.000992891,0
3596094.048,119.999998,0.003300139,0.000665096,3596094.048,174763.2773,0.000990042,0
3596094.048,119.999998,0.003327615,0.000670221,3596094.048,55514.38444,0.000998284,0
3596094.048,119.999998,0.003340763,0.000667909,3596094.048,129694.9599,0.001002229,0
3596094.048,119.999998,0.003304868,0.000661508,3596094.048,151405.2008,0.00099146,0
3596094.048,119.999998,0.003308656,0.000666501,3596094.048,214330.7914,0.000992597,0
3596094.048,119.999998,0.00331315,0.000669235,3596094.048,360311.6753,0.000993945,0
3596094.048,119.999998,0.003353392,0.000672321,3596094.048,207329.4496,0.001006018,0
3596094.048,119.999998,0.003354197,0.000664081,3596094.048,113152.4147,0.001006259,0
3596094.048,119.999998,0.003360338,0.000665756,3596094.048,233546.9817,0.001008102,0
3596094.048,119.999998,0.003340498,0.000668207,3596094.048,888.5609614,0.00100215,0
3596094.048,119.999998,0.003327894,0.000660385,3596094.048,190134.8782,0.000998368,0
3596094.048,119.999998,0.0033327,0.000669334,3596094.048,411276.4712,0.00099981,0
3596094.048,119.999998,0.003344725,0.00066565,3596094.048,329675.2302,0.001003417,0
3596094.048,119.999998,0.003306676,0.000669504,3596094.048,154644.3856,0.000992003,0
3596094.048,119.999998,0.003297528,0.000662438,3596094.048,72374.49679,0.000989258,0
3596094.048,119.999998,0.003360089,0.000671368,3596094.048,50381.013,0.001008027,0
3596094.048,119.999998,0.003316136,0.000659648,3596094.048,189584.8789,0.000994841,0
3596094.048,119.999998,0.003341016,0.000667056,3596094.048,69590.8519,0.001002305,0
3596094.048,119.999998,0.003319924,0.000660234,3596094.048,39947.78385,0.000995977,0
3596094.048,119.999998,0.003347123,0.000661017,3596094.048,101904.9974,0.001004137,0
3596094.048,119.999998,0.003300438,0.000671993,3596094.048,42029.67293,0.000990131,0
3596094.048,119.999998,0.003314654,0.000667092,3596094.048,105830.9381,0.000994396,0
3596094.048,119.999998,0.003349843,0.000671553,3596094.048,235175.3579,0.001004953,0
3596094.048,119.999998,0.003322481,0.000660692,3596094.048,42305.48337,0.000996744,0
3596094.048,119.999998,0.003327442,0.000664264,3596094.048,40795.89082,0.000998233,0
3596094.048,119.999998,0.003357297,0.000670851,3596094.048,94940.81765,0.001007189,0
3596094.048,119.999998,0.003355196,0.000669861,3596094.048,159047.0824,0.001006559,0
3596094.048,119.999998,0.003321804,0.000660895,3596094.048,211133.4985,0.000996541,0
3596094.048,119.999998,0.003314056,0.000669911,3596094.048,120136.8647,0.000994217,0
3596094.048,119.999998,0.003353015,0.000663598,3596094.048,41394.26839,0.001005905,0
3596094.048,119.999998,0.003358474,0.000663863,3596094.048,124652.8045,0.001007542,0
3596094.048,119.999998,0.003339242,0.000671239,3596094.048,247479.3953,0.001001773,0
3596094.048,119.999998,0.003357213,0.000664905,3596094.048,264198.2916,0.001007164,0
3596094.048,119.999998,0.003320666,0.000663439,3596094.048,220736.1882,0.0009962,0
3596094.048,119.999998,0.003325953,0.000660829,3596094.048,56739.24765,0.000997786,0
3596094.048,119.999998,0.003315225,0.000666847,3596094.048,136237.6537,0.000994567,0
3596094.048,119.999998,0.003356181,0.000671144,3596094.048,33440.22508,0.001006854,0
3596094.048,119.999998,0.003297596,0.000662264,3596094.048,25779.83003,0.000989279,0
3596094.048,119.999998,0.003326997,0.000665351,3596094.048,61053.16074,0.000998099,0
3596094.048,119.999998,0.003335982,0.000668979,3596094.048,150018.7162,0.001000795,0
3596094.048,119.999998,0.003310331,0.000669921,3596094.048,166580.856,0.000993099,0
3596094.048,119.999998,0.003342659,0.000669016,3596094.048,6853.842089,0.001002798,0
3596094.048,119.999998,0.003347904,0.000666115,3596094.048,28192.12406,0.001004371,0
3596094.048,119.999998,0.003302761,0.00065993,3596094.048,298723.9206,0.000990828,0
3596094.048,119.999998,0.003348498,0.000663438,3596094.048,325210.3713,0.001004549,0
3596094.048,119.999998,0.003342724,0.000667079,3596094.048,110068.9053,0.001002817,0
3596094.048,119.999998,0.003315461,0.000662104,3596094.048,19391.59542,0.000994638,0
3596094.048,119.999998,0.003328434,0.000672137,3596094.048,74603.27756,0.00099853,0
3596094.048,119.999998,0.003319417,0.000664686,3596094.048,68809.50161,0.000995825,0
3596094.048,119.999998,0.00330874,0.000669054,3596094.048,208084.8539,0.000992622,0
3596094.048,119.999998,0.003328297,0.000660022,3596094.048,207084.8553,0.000998489,0
3596094.048,119.999998,0.003334834,0.000671647,3596094.048,167665.9896,0.00100045,0
3596094.048,119.999998,0.003305508,0.000671419,3596094.048,272210.443,0.000991652,0
3596094.048,119.999998,0.003321298,0.000659453,3596094.048,157194.3822,0.000996389,0
3596094.048,119.999998,0.003331173,0.000666503,3596094.048,182101.1053,0.000999352,0
3596094.048,119.999998,0.003330395,0.000665129,3596094.048,229982.1216,0.000999118,0
3596094.048,119.999998,0.00331403,0.000665888,3596094.048,77866.9218,0.000994209,0
3596094.048,119.999998,0.003345982,0.00066529,3596094.048,268238.8267,0.001003795,0
3596094.048,119.999998,0.003343324,0.000671209,3596094.048,169460.5818,0.001002997,0
3596094.048,119.999998,0.003359715,0.000659667,3596094.048,60090.18907,0.001007914,0
3596094.048,119.999998,0.003311592,0.000661996,3596094.048,100475.4048,0.000993478,0
3596094.048,119.999998,0.003341,0.000659463,3596094.048,7545.178993,0.0010023,0
3596094.048,119.999998,0.003300009,0.000661961,3596094.048,265900.992,0.000990003,0
3596094.048,119.999998,0.003317135,0.000667092,3596094.048,1318.919839,0.000995141,0
3596094.048,119.999998,0.003304336,0.000666878,3596094.048,70858.28262,0.000991301,0
3596094.048,119.999998,0.003323918,0.000670321,3596094.048,52510.06418,0.000997175,0
3596094.048,119.999998,0.003308231,0.000667378,3596094.048,101396.7549,0.000992469,0
3596094.048,119.999998,0.003346481,0.000662583,3596094.048,17448.21966,0.001003944,0
3596094.048,119.999998,0.00333546,0.000664862,3596094.048,152767.3611,0.001000638,0
3596094.048,119.999998,0.003297568,0.000669245,3596094.048,183145.6985,0.00098927,0
3596094.048,119.999998,0.003335273,0.000670396,3596094.048,93600.68432,0.001000582,0
3596094.048,119.999998,0.003357772,0.00066791,3596094.048,104287.6969,0.001007332,0
3596094.048,119.999998,0.003361961,0.000664265,3596094.048,98250.27263,0.001008588,0
3596094.048,119.999998,0.003353734,0.000659362,3596094.048,2591.172174,0.00100612,0
3596094.048,119.999998,0.003356916,0.000666467,3596094.048,156556.5452,0.001007075,0
3596094.048,119.999998,0.003313995,0.000671647,3596094.048,166176.8025,0.000994198,0
3596094.048,119.999998,0.003334048,0.000671538,3596094.048,68076.7999,0.001000214,0
3596094.048,119.999998,0.00333079,0.000664751,3596094.048,165495.7223,0.000999237,0
3596094.048,119.999998,0.003343524,0.000662446,3596094.048,34415.7643,0.001003057,0
3596094.048,119.999998,0.003344836,0.000667551,3596094.048,75625.03294,0.001003451,0
3596094.048,119.999998,0.003314507,0.000664064,3596094.048,183860.5624,0.000994352,0
3596094.048,119.999998,0.003328844,0.000670958,3596094.048,178443.0021,0.000998653,0
3596094.048,119.999998,0.003323044,0.000659771,3596094.048,27425.36834,0.000996913,0
3596094.048,119.999998,0.003303413,0.000671511,3596094.048,174941.6555,0.000991024,0
3596094.048,119.999998,0.003315246,0.000660808,3596094.048,230388.8779,0.000994574,0
3596094.048,119.999998,0.003334473,0.000665061,3596094.048,165722.749,0.001000342,0
3596094.048,119.999998,0.003344745,0.000672312,3596094.048,129360.9063,0.001003424,0
3596094.048,119.999998,0.003319469,0.000664274,3596094.048,160717.3504,0.000995841,0
3596094.048,119.999998,0.003302589,0.000660248,3596094.048,195053.7905,0.000990777,0
3596094.048,119.999998,0.003312956,0.000667594,3596094.048,83245.29291,0.000993887,0
3596094.048,119.999998,0.003358505,0.000665754,3596094.048,222171.3214,0.001007552,0
3596094.048,119.999998,0.003360091,0.00066823,3596094.048,162903.8339,0.001008027,0
3596094.048,119.999998,0.003347327,0.00066242,3596094.048,223263.2118,0.001004198,0
3596094.048,119.999998,0.003355837,0.000667995,3596094.048,301159.0525,0.001006751,0
3596094.048,119.999998,0.003297127,0.000671311,3596094.048,198405.1373,0.000989138,0
3596094.048,119.999998,0.003320532,0.000661862,3596094.048,1444.889939,0.00099616,0
3596094.048,119.999998,0.003347487,0.000660683,3596094.048,170048.4189,0.001004246,0
3596094.048,119.999998,0.003348031,0.000663159,3596094.048,20906.18796,0.001004409,0
3596094.048,119.999998,0.003345098,0.000663609,3596094.048,52998.30676,0.001003529,0
3596094.048,119.999998,0.00332045,0.000660508,3596094.048,78586.24515,0.000996135,0
3596094.048,119.999998,0.003320089,0.000670154,3596094.048,57722.89497,0.000996027,0
3596094.048,119.999998,0.003348207,0.000662258,3596094.048,60350.18872,0.001004462,0
3596094.048,119.999998,0.003337971,0.00067121,3596094.048,78924.62307,0.001001391,0
3596094.048,119.999998,0.003344307,0.000661374,3596094.048,70509.22904,0.001003292,0
3596094.048,119.999998,0.003317337,0.000663571,3596094.048,19283.48745,0.000995201,0
3596094.048,119.999998,0.003360094,0.000659681,3596094.048,119895.2434,0.001008028,0
3596094.048,119.999998,0.003361544,0.000668742,3596094.048,37612.11133,0.001008463,0
3596094.048,119.999998,0.003350007,0.00066295,3596094.048,257.715868,0.001005002,0
3596094.048,119.999998,0.003311128,0.000670489,3596094.048,192253.7943,0.000993338,0
3596094.048,119.999998,0.003299497,0.000662886,3596094.048,324522.5344,0.000989849,0
3596094.048,119.999998,0.003309382,0.000669226,3596094.048,261240.1875,0.000992815,0
3596094.048,119.999998,0.003353461,0.000666598,3596094.048,318669.8396,0.001006038,0
3596094.048,119.999998,0.00335494,0.000671544,3596094.048,197749.7328,0.001006482,0
3596094.048,119.999998,0.00329912,0.000662944,3596094.048,167725.449,0.000989736,0
3596094.048,119.999998,0.003329301,0.000663288,3596094.048,69204.63621,0.00099879,0
3596094.048,119.999998,0.003301628,0.000662774,3596094.048,66256.26182,0.000990488,0
3596094.048,119.999998,0.003357097,0.000662916,3596094.048,87294.07122,0.001007129,0
3596094.048,119.999998,0.003361982,0.000664054,3596094.048,1409.944041,0.001008595,0
3596094.048,119.999998,0.003329149,0.000667344,3596094.048,152695.7396,0.000998745,0
3596094.048,119.999998,0.003307137,0.000665986,3596094.048,70576.52625,0.000992141,0
3596094.048,119.999998,0.003315054,0.000666358,3596094.048,118444.9751,0.000994516,0
3596094.048,119.999998,0.003301842,0.000665531,3596094.048,159657.8924,0.000990553,0
3596094.048,119.999998,0.003347316,0.000666323,3596094.048,132483.0642,0.001004195,0
3596094.048,119.999998,0.003319688,0.000666421,3596094.048,75172.19571,0.000995906,0
3596094.048,119.999998,0.003340551,0.000669385,3596094.048,44900.07446,0.001002165,0
3596094.048,119.999998,0.003349059,0.000668164,3596094.048,81218.40376,0.001004718,0
3596094.048,119.999998,0.00331905,0.000661181,3596094.048,146603.8559,0.000995715,0
3596094.048,119.999998,0.003300417,0.00066275,3596094.048,62907.07715,0.000990125,0
3596094.048,119.999998,0.00330491,0.000666365,3596094.048,40610.35053,0.000991473,0
3596094.048,119.999998,0.003307351,0.000663649,3596094.048,43140.21197,0.000992205,0
3596094.048,119.999998,0.003327826,0.000668052,3596094.048,5044.844534,0.000998348,0
3596094.048,119.999998,0.0033241,0.000665463,3596094.048,73745.57602,0.00099723,0
3596094.048,119.999998,0.003346419,0.000668143,3596094.048,70848.28264,0.001003926,0
3596094.048,119.999998,0.003303705,0.000663775,3596094.048,103647.8329,0.000991111,0
3596094.048,119.999998,0.003321674,0.000664203,3596094.048,190638.9316,0.000996502,0
3596094.048,119.999998,0.003303162,0.000668857,3596094.048,107947.0163,0.000990949,0
3596094.048,119.999998,0.003336251,0.00066102,3596094.048,182438.9427,0.001000875,0
3596094.048,119.999998,0.003354014,0.00066668,3596094.048,196528.1128,0.001006204,0
3596094.048,119.999998,0.003299744,0.00067026,3596094.048,215680.7896,0.000989923,0
3596094.048,119.999998,0.003330821,0.000659631,3596094.048,31413.20079,0.000999246,0
3596094.048,119.999998,0.003326173,0.000661203,3596094.048,174979.4933,0.000997852,0
3596094.048,119.999998,0.003325826,0.000665107,3596094.048,256965.869,0.000997748,0
3596094.048,119.999998,0.003308482,0.000664354,3596094.048,19014.16349,0.000992544,0
3596094.048,119.999998,0.00332994,0.00066552,3596094.048,176255.1672,0.000998982,0
3596094.048,119.999998,0.003328041,0.000667192,3596094.048,59385.19002,0.000998412,0
3596094.048,119.999998,0.003309027,0.000662004,3596094.048,95622.57348,0.000992708,0
3596094.048,119.999998,0.003320492,0.000666487,3596094.048,160898.4312,0.000996148,0
3596094.048,119.999998,0.003323004,0.000662613,3596094.048,207157.8282,0.000996901,0
3596094.048,119.999998,0.003346763,0.000667458,3596094.048,190505.148,0.001004029,0
3596094.048,119.999998,0.003316874,0.000665684,3596094.048,163764.6436,0.000995062,0
3596094.048,119.999998,0.003298731,0.000666901,3596094.048,36825.49078,0.000989619,0
3596094.048,119.999998,0.003347258,0.000662759,3596094.048,117259.1659,0.001004177,0
3596094.048,119.999998,0.00331605,0.000670255,3596094.048,5907.681206,0.000994815,0
3596094.048,119.999998,0.003343993,0.000669777,3596094.048,94985.95272,0.001003198,0
3596094.048,119.999998,0.003310953,0.000662749,3596094.048,150798.4449,0.000993286,0
3596094.048,119.999998,0.003319575,0.000663627,3596094.048,54501.68311,0.000995872,0
3596094.048,119.999998,0.00334584,0.000667523,3596094.048,158453.8399,0.001003752,0
3596094.048,119.999998,0.003356545,0.00066336,3596094.048,34542.92629,0.001006964,0
3596094.048,119.999998,0.003304239,0.000660778,3596094.048,72148.41602,0.000991272,0
3596094.048,119.999998,0.0033351,0.000662588,3596094.048,102655.4018,0.00100053,0
3596094.048,119.999998,0.003356944,0.000664779,3596094.048,65228.83077,0.001007083,0
3596094.048,119.999998,0.003310455,0.000663452,3596094.048,10861.49884,0.000993137,0
3596094.048,119.999998,0.003319551,0.000666731,3596094.048,24554.42628,0.000995865,0
3596094.048,119.999998,0.003320801,0.000660828,3596094.048,239233.4605,0.00099624,0
3596094.048,119.999998,0.003340416,0.000660453,3596094.048,208540.2587,0.001002125,0
3596094.048,119.999998,0.003361917,0.000663261,3596094.048,46051.15398,0.001008575,0
3596094.048,119.999998,0.003337452,0.00066396,3596094.048,402548.1047,0.001001236,0
3596094.048,119.999998,0.003341976,0.00067115,3596094.048,323307.6712,0.001002593,0
3596094.048,119.999998,0.003335121,0.00066041,3596094.048,247364.5306,0.001000536,0
3596094.048,119.999998,0.003342753,0.000671805,3596094.048,125493.2088,0.001002826,0
3596094.048,119.999998,0.003313917,0.000667858,3596094.048,70276.66179,0.000994175,0
3596094.048,119.999998,0.00330003,0.000670003,3596094.048,4170.494364,0.000990009,0
3596094.048,119.999998,0.003357814,0.000662265,3596094.048,85566.50599,0.001007344,0
3596094.048,119.999998,0.003322965,0.000663977,3596094.048,155729.5193,0.00099689,0
3596094.048,119.999998,0.003347214,0.00066629,3596094.048,213234.847,0.001004164,0
3596094.048,119.999998,0.003343915,0.000660537,3596094.048,125957.8028,0.001003174,0
3596094.048,119.999998,0.003312678,0.000666243,3596094.048,223705.1031,0.000993803,0
3596094.048,119.999998,0.003325044,0.000666224,3596094.048,118040.7864,0.000997513,0
3596094.048,119.999998,0.003341311,0.000670777,3596094.048,92816.9016,0.001002393,0
3596094.048,119.999998,0.003318409,0.000667805,3596094.048,140317.3779,0.000995523,0
3596094.048,119.999998,0.003350389,0.000660334,3596094.048,209776.7435,0.001005117,0
3596094.048,119.999998,0.003337852,0.000662667,3596094.048,57338.84143,0.001001355,0
3596094.048,119.999998,0.003333677,0.000669796,3596094.048,179809.2165,0.001000103,0
3596094.048,119.999998,0.003305365,0.000663581,3596094.048,3997.467571,0.000991609,0
3596094.048,119.999998,0.003362363,0.000659916,3596094.048,258857.7583,0.001008709,0
3596094.048,119.999998,0.003322298,0.000661372,3596094.048,125300.9118,0.000996689,0
3596094.048,119.999998,0.003345568,0.000659671,3596094.048,37016.30133,0.00100367,0
3596094.048,119.999998,0.003307653,0.000663344,3596094.048,7668.854502,0.000992296,0
3596094.048,119.999998,0.003331945,0.000664762,3596094.048,72725.84767,0.000999584,0
3596094.048,119.999998,0.003325641,0.0006667,3596094.048,168099.7728,0.000997692,0
3596094.048,119.999998,0.003338558,0.000671872,3596094.048,7195.490276,0.001001567,0
3596094.048,119.999998,0.003302612,0.000661437,3596094.048,88465.69126,0.000990783,0
3596094.048,119.999998,0.003308404,0.000670487,3596094.048,19774.97328,0.000992521,0
3596094.048,119.999998,0.003312465,0.000662936,3596094.048,57366.81437,0.00099374,0
3596094.048,119.999998,0.003352933,0.000665913,3596094.048,86817.58538,0.00100588,0
3596094.048,119.999998,0.003309105,0.000672297,3596094.048,75553.95195,0.000992731,0
3596094.048,119.999998,0.003325414,0.00066703,3596094.048,141741.7003,0.000997624,0
3596094.048,119.999998,0.003317052,0.000672561,3596094.048,52807.90161,0.000995116,0
3596094.048,119.999998,0.003357147,0.000662442,3596094.048,101864.8623,0.001007144,0
3596094.048,119.999998,0.003351854,0.000671768,3596094.048,173043.0094,0.001005556,0
3596094.048,119.999998,0.003359202,0.000662543,3596094.048,63856.53533,0.001007761,0
3596094.048,119.999998,0.003317617,0.000663961,3596094.048,144737.6422,0.000995285,0
3596094.048,119.999998,0.003361528,0.000667201,3596094.048,107004.1797,0.001008459,0
3596094.048,119.999998,0.003339868,0.00066102,3596094.048,195037.5743,0.00100196,0
3596094.048,119.999998,0.003353866,0.00067121,3596094.048,290994.2014,0.00100616,0
3596094.048,119.999998,0.003350936,0.00067096,3596094.048,133126.712,0.001005281,0
3596094.048,119.999998,0.003319504,0.000666162,3596094.048,98427.16429,0.000995851,0
3596094.048,119.999998,0.003312161,0.000660116,3596094.048,85371.23598,0.000993648,0
3596094.048,119.999998,0.003327785,0.000664512,3596094.048,57076.27422,0.000998335,0
3596094.048,119.999998,0.00333871,0.000672646,3596094.048,68057.4756,0.001001613,0
3596094.048,119.999998,0.003345965,0.000666886,3596094.048,19889.02718,0.001003789,0
3596094.048,119.999998,0.003358283,0.000666741,3596094.048,72537.33441,0.001007485,0
3596094.048,119.999998,0.003361648,0.000659945,3596094.048,80019.48646,0.001008494,0
3596094.048,119.999998,0.00332912,0.000661054,3596094.048,53166.41464,0.000998736,0
3596094.048,119.999998,0.003323968,0.000661179,3596094.048,94365.27788,0.000997191,0
3596094.048,119.999998,0.003358994,0.000661304,3596094.048,65635.58698,0.001007698,0
3596094.048,119.999998,0.003313488,0.000668795,3596094.048,215567.2763,0.000994046,0
3596094.048,119.999998,0.00332362,0.000659387,3596094.048,117.5274087,0.000997086,0
3596094.048,119.999998,0.003330623,0.000663076,3596094.048,89518.25741,0.000999187,0
3596094.048,119.999998,0.003336501,0.000660728,3596094.048,228709.1504,0.00100095,0
3596094.048,119.999998,0.003334119,0.000662001,3596094.048,78011.1108,0.001000236,0
3596094.048,119.999998,0.0033609,0.000661979,3596094.048,3308.238773,0.00100827,0
3596094.048,119.999998,0.003360314,0.000662307,3596094.048,180898.4042,0.001008094,0
3596094.048,119.999998,0.003307186,0.000672097,3596094.048,11321.99821,0.000992156,0
3596094.048,119.999998,0.003321663,0.0006671,3596094.048,45126.29037,0.000996499,0
3596094.048,119.999998,0.003356881,0.000672235,3596094.048,120617.5397,0.001007064,0
3596094.048,119.999998,0.003305228,0.000672063,3596094.048,90547.0398,0.000991568,0
3596094.048,119.999998,0.00333761,0.000660119,3596094.048,29456.98722,0.001001283,0
3596094.048,119.999998,0.003328083,0.000661682,3596094.048,95128.24983,0.000998425,0
3596094.048,119.999998,0.003300751,0.000659758,3596094.048,25388.0738,0.000990225,0
3596094.048,119.999998,0.003300883,0.000670972,3596094.048,313109.0363,0.000990265,0
3596094.048,119.999998,0.003355274,0.00067013,3596094.048,248617.2316,0.001006582,0
3596094.048,119.999998,0.003347179,0.000668827,3596094.048,5171.209228,0.001004154,0
3596094.048,119.999998,0.003339767,0.000669082,3596094.048,79939.08116,0.00100193,0
3596094.048,119.999998,0.003310061,0.000662068,3596094.048,44877.23665,0.000993018,0
3596094.048,119.999998,0.003354252,0.000664689,3596094.048,49496.96014,0.001006276,0
3596094.048,119.999998,0.00334547,0.000662776,3596094.048,109665.9329,0.001003641,0
3596094.048,119.999998,0.003312626,0.000670526,3596094.048,157687.6247,0.000993788,0
3596094.048,119.999998,0.003328949,0.000669635,3596094.048,101613.3762,0.000998685,0
3596094.048,119.999998,0.003313922,0.000660724,3596094.048,257518.5709,0.000994177,0
3596094.048,119.999998,0.003362015,0.000669235,3596094.048,130489.8237,0.001008605,0
3596094.048,119.999998,0.003342382,0.000661363,3596094.048,30636.85049,0.001002715,0
3596094.048,119.999998,0.003349673,0.000661193,3596094.048,93498.11689,0.001004902,0
3596094.048,119.999998,0.003320966,0.000668562,3596094.048,144129.535,0.00099629,0
3596094.048,119.999998,0.003352324,0.0006618,3596094.048,295975.2757,0.001005697,0
3596094.048,119.999998,0.003362035,0.000671277,3596094.048,225046.9932,0.001008611,0
3596094.048,119.999998,0.003360386,0.000662396,3596094.048,160736.2693,0.001008116,0
3596094.048,119.999998,0.003341176,0.000664558,3596094.048,230207.797,0.001002353,0
3596094.048,119.999998,0.003325115,0.000664467,3596094.048,278356.3806,0.000997534,0
3596094.048,119.999998,0.003335019,0.00066095,3596094.048,189697.0409,0.001000506,0
3596094.048,119.999998,0.003335328,0.000662784,3596094.048,69924.22983,0.001000598,0
3596094.048,119.999998,0.003361029,0.000669246,3596094.048,39096.56879,0.001008309,0
3596094.048,119.999998,0.003343023,0.000663586,3596094.048,187815.9624,0.001002907,0
3596094.048,119.999998,0.003320562,0.0006596,3596094.048,104044.1837,0.000996169,0
3596094.048,119.999998,0.003308025,0.000661609,3596094.048,142610.6181,0.000992408,0
3596094.048,119.999998,0.003297453,0.000669391,3596094.048,273492.8737,0.000989236,0
3596094.048,119.999998,0.003309598,0.000660789,3596094.048,198447.0291,0.000992879,0
3596094.048,119.999998,0.003316396,0.000670982,3596094.048,31244.68751,0.000994919,0
3596094.048,119.999998,0.003356568,0.000661002,3596094.048,84420.967,0.00100697,0
3596094.048,119.999998,0.0033386,0.000667808,3596094.048,43876.69746,0.00100158,0
3596094.048,119.999998,0.003357259,0.000668697,3596094.048,8968.379772,0.001007178,0
3596094.048,119.999998,0.003307089,0.000665947,3596094.048,54749.38547,0.000992127,0
3596094.048,119.999998,0.003310959,0.000669758,3596094.048,184461.9129,0.000993288,0
3596094.048,119.999998,0.003329491,0.000668144,3596094.048,214598.3587,0.000998847,0
3596094.048,119.999998,0.003353998,0.000659366,3596094.048,61843.29481,0.001006199,0
3596094.048,119.999998,0.003312982,0.000660683,3596094.048,17538.48981,0.000993895,0
3596094.048,119.999998,0.003360448,0.000669643,3596094.048,196910.5447,0.001008134,0
3596094.048,119.999998,0.003340883,0.000670692,3596094.048,75513.27633,0.001002265,0
3596094.048,119.999998,0.003342884,0.000662608,3596094.048,95405.00621,0.001002865,0
3596094.048,119.999998,0.003323583,0.000672286,3596094.048,86430.28861,0.000997075,0
3596094.048,119.999998,0.003324508,0.00066665,3596094.048,213047.0094,0.000997352,0
3596094.048,119.999998,0.003335543,0.00066541,3596094.048,72395.0373,0.001000663,0
3596094.048,119.999998,0.003335616,0.000670358,3596094.048,185414.6143,0.001000685,0
3596094.048,119.999998,0.003333466,0.000670231,3596094.048,30504.14797,0.00100004,0
3596094.048,119.999998,0.003332769,0.000664199,3596094.048,40978.72841,0.000999831,0
3596094.048,119.999998,0.003352062,0.000669585,3596094.048,219994.2973,0.001005619,0
3596094.048,119.999998,0.00332842,0.000666096,3596094.048,132089.9566,0.000998526,0
3596094.048,119.999998,0.00335763,0.000669209,3596094.048,2709.090934,0.001007289,0
3596094.048,119.999998,0.003298324,0.000669446,3596094.048,14863.7637,0.000989497,0
3596094.048,119.999998,0.003351323,0.000668291,3596094.048,19745.24359,0.001005397,0
3596094.048,119.999998,0.003305436,0.000668542,3596094.048,10188.97272,0.000991631,0
3596094.048,119.999998,0.003298948,0.00066071,3596094.048,99217.56862,0.000989684,0
3596094.048,119.999998,0.003356893,0.000660226,3596094.048,132037.254,0.001007068,0
3596094.049,119.999998,0.003296771,0.000659749,3596094.049,279165.839,0.000989031,0
3596094.048,119.999998,0.003348202,0.00065964,3596094.048,187901.0974,0.001004461,0
3596094.049,119.999998,0.003326118,0.000666398,3596094.049,92345.82115,0.000997835,0
3596094.047,119.999998,0.003313165,0.000660031,3596094.047,68989.6365,0.00099395,0
3596094.051,119.999998,0.003312594,0.000662214,3596094.051,7465.6791,0.000993778,0
3596094.044,119.999998,0.003299034,0.000671551,3596094.044,120373.8914,0.00098971,0
3596094.056,119.999998,0.003328353,0.000660288,3596094.056,145511.9655,0.000998506,0
3596094.034,119.999998,0.003305282,0.000667598,3596094.034,109594.1762,0.000991585,0
3596094.074,119.999998,0.003303721,0.000660775,3596094.074,26817.8016,0.000991116,0
3596094.003,119.999998,0.003305835,0.000671576,3596094.003,859.5637033,0.00099175,0
3596094.129,119.999998,0.003301296,0.000665347,3596094.129,2638.604542,0.000990389,0
3596093.906,119.999998,0.00333872,0.000662266,3596093.906,439.38319,0.001001616,0
3596094.303,119.999998,0.003312531,0.00066568,3596094.303,54033.8459,0.000993759,0
3596093.595,119.999998,0.003329941,0.000659359,3596093.595,115315.3847,0.000998982,0
3596094.855,119.999998,0.003350078,0.000671057,3596094.855,35889.68123,0.001005023,0
3596092.612,119.999998,0.00330788,0.000671499,3596092.612,96294.1942,0.000992364,0
3596096.606,119.999998,0.003297636,0.000668689,3596096.606,61540.99792,0.000989291,0
3596089.494,119.999998,0.00336031,0.000665717,3596089.494,154213.3051,0.001008093,0
3596102.158,119.999998,0.003304985,0.000663226,3596102.158,119075.5148,0.000991496,0
3596079.606,119.999998,0.003320879,0.00066087,3596079.606,132427.5237,0.000996264,0
3596119.767,119.999998,0.003343507,0.000665612,3596119.767,153172.766,0.001003052,0
3596048.249,119.999998,0.003297484,0.00066436,3596048.249,63212.34701,0.000989245,0
3596175.607,119.999998,0.003328385,0.000661025,3596175.607,125880.7758,0.000998516,0
3595948.813,119.999998,0.003347843,0.000664962,3595948.813,33998.6027,0.001004353,0
3596352.681,119.999998,0.00335157,0.000662734,3596352.681,21322.94416,0.001005471,0
3595633.49,119.999998,0.003343046,0.00066987,3595633.49,41547.24115,0.001002914,0
3596914.216,119.999998,0.003353656,0.000665652,3596914.216,27271.3145,0.001006097,0
3594633.517,119.999998,0.00335334,0.000665011,3594633.517,18865.51505,0.001006002,0
3598694.943,119.999998,0.003324643,0.000659734,3598694.943,70658.14776,0.000997393,0
3591462.55,119.999998,0.003326751,0.000665773,3591462.55,53442.90075,0.000998025,0
3604341.825,119.999998,0.003327978,0.00066318,3604341.825,304622.5613,0.000998394,0
3581406.361,119.999998,0.003351676,0.000668648,3581406.361,130767.3909,0.001005503,0
3622249.195,119.999998,0.003353764,0.000669595,3622249.195,51401.01162,0.001006129,0
3549517.211,119.999998,0.003320119,0.000664864,3549517.211,97268.92261,0.000996036,0
3679035.514,119.999998,0.003345881,0.000671347,3679035.514,23850.64345,0.001003764,0
3448390.704,119.999998,0.003352992,0.000669655,3448390.704,24545.77764,0.001005898,0
3859118.433,119.999998,0.003326479,0.000660377,3859118.433,139601.1627,0.000997944,0
3596094.048,119.999998,0.00332886,0.000664552,3596094.048,0,0.000998658,1
3596094.048,119.9999973,0.003320818,0.000669941,3596094.048,10000000,0.000996246,1
3596094.048,119.9999986,0.003357466,0.000665799,3596094.048,8152367.362,0.00100724,1
3596094.048,119.9999978,0.003356727,0.000664036,3596094.048,2629118.069,0.001007018,1
3596094.048,119.9999979,0.003347576,0.000667424,3596094.048,1397714.327,0.001004273,1
3596094.048,119.9999982,0.003339316,0.000672584,3596094.048,2707523.368,0.001001795,1
3596094.048,119.9999978,0.003336195,0.000672073,3596094.048,2046605.342,0.001000859,1
3596094.048,119.9999981,0.003332207,0.000669305,3596094.048,1081614.755,0.000999662,1
3596094.048,119.999998,0.003299269,0.000665428,3596094.048,82323.132,0.000989781,1
3596094.048,119.999998,0.003315981,0.00066718,3596094.048,176203.8159,0.000994794,1
3596094.048,119.999998,0.003298274,0.000669013,3596094.048,168417.34,0.000989482,1
3596094.048,119.999998,0.003302109,0.00066608,3596094.048,46609.39647,0.000990633,1
3596094.048,119.999998,0.003354186,0.000661051,3596094.048,51249.25507,0.001006256,1
3596094.048,119.999998,0.003351056,0.00066061,3596094.048,47112.36877,0.001005317,1
3596094.048,119.999998,0.003296999,0.000665554,3596094.048,29702.12202,0.0009891,1
3596094.048,119.999998,0.00334801,0.000663002,3596094.048,179452.4602,0.001004403,1
3596094.048,119.999998,0.003361032,0.000671052,3596094.048,34544.41278,0.00100831,1
3596094.048,119.999998,0.003311855,0.000671321,3596094.048,72195.98352,0.000993557,1
3596094.048,119.999998,0.003330404,0.000668274,3596094.048,32484.28043,0.000999121,1
3596094.048,119.999998,0.003331311,0.000667558,3596094.048,166814.6394,0.000999393,1
3596094.048,119.999998,0.003344009,0.000659595,3596094.048,18101.73229,0.001003203,1
3596094.048,119.999998,0.003352784,0.000666793,3596094.048,101800.5381,0.001005835,1
3596094.048,119.999998,0.003321088,0.000663953,3596094.048,35360.62789,0.000996326,1
3596094.048,119.999998,0.003320147,0.000662652,3596094.048,182844.3475,0.000996044,1
3596094.048,119.999998,0.00332027,0.000672279,3596094.048,29007.52837,0.000996081,1
3596094.048,119.999998,0.003297469,0.000668596,3596094.048,135375.4927,0.000989241,1
3596094.048,119.999998,0.003351859,0.000670918,3596094.048,284100.9674,0.001005558,1
3596094.048,119.999998,0.003325864,0.000664444,3596094.048,17421.19267,0.000997759,1
3596094.048,119.999998,0.00332247,0.000666025,3596094.048,175422.7359,0.000996741,1
3596094.048,119.999998,0.003332583,0.000671864,3596094.048,31452.6602,0.000999775,1
3596094.048,119.999998,0.003330249,0.000666746,3596094.048,103989.4541,0.000999075,1
3596094.048,119.999998,0.003319159,0.000670471,3596094.048,203383.5089,0.000995748,1
3596094.048,119.999998,0.003317834,0.000666036,3596094.048,84205.29161,0.00099535,1
3596094.048,119.999998,0.003363082,0.000661731,3596094.048,173291.6577,0.001008925,1
3596094.048,119.999998,0.003334828,0.000662489,3596094.048,335218.4659,0.001000448,1
3596094.048,119.999998,0.00332282,0.000659747,3596094.048,300937.4312,0.000996846,1
3596094.048,119.999998,0.003320883,0.000672215,3596094.048,261534.7817,0.000996265,1
3596094.048,119.999998,0.003297409,0.000670563,3596094.048,167303.828,0.000989223,1
3596094.048,119.999998,0.003338227,0.000666084,3596094.048,312749.5774,0.001001468,1
3596094.048,119.999998,0.003352289,0.000660486,3596094.048,29341.85224,0.001005687,1
3596094.048,119.999998,0.003312635,0.000671258,3596094.048,28392.25893,0.00099379,1
3596094.048,119.999998,0.003336349,0.000660565,3596094.048,30568.4722,0.001000905,1
3596094.048,119.999998,0.00334932,0.000669682,3596094.048,32565.22626,0.001004796,1
3596094.048,119.999998,0.003305999,0.000663847,3596094.048,78251.78615,0.0009918,1
3596094.048,119.999998,0.003359298,0.000663939,3596094.048,61916.40282,0.001007789,1
3596094.048,119.999998,0.003350052,0.000667858,3596094.048,107025.2608,0.001005016,1
3596094.048,119.999998,0.003297416,0.00066356,3596094.048,203318.6442,0.000989225,1
3596094.048,119.999998,0.003313305,0.000664996,3596094.048,114841.6016,0.000993992,1
3596094.048,119.999998,0.003332446,0.000665068,3596094.048,41686.56529,0.000999734,1
3596094.048,119.999998,0.003323561,0.000662905,3596094.048,279644.2167,0.000997068,1
3596094.048,119.999998,0.003327826,0.000665997,3596094.048,301918.5109,0.000998348,1
3596094.048,119.999998,0.00331942,0.000666399,3596094.048,366454.9102,0.000995826,1
3596094.048,119.999998,0.003362702,0.000659632,3596094.048,160441.6751,0.00100881,1
3596094.048,119.999998,0.003337847,0.000671139,3596094.048,100936.3501,0.001001354,1
3596094.048,119.999998,0.003353642,0.00067117,3596094.048,149226.8254,0.001006093,1
3596094.048,119.999998,0.003316045,0.000660924,3596094.048,95508.92499,0.000994814,1
3596094.048,119.999998,0.003344083,0.000661985,3596094.048,334076.5756,0.001003225,1
3596094.048,119.999998,0.003361877,0.000666626,3596094.048,267780.7192,0.001008563,1
3596094.048,119.999998,0.003305198,0.000666314,3596094.048,897.01095,0.000991559,1
3596094.048,119.999998,0.00335519,0.000671845,3596094.048,54466.54802,0.001006557,1
3596094.048,119.999998,0.003309041,0.000671664,3596094.048,28504.01554,0.000992712,1
3596094.048,119.999998,0.003345177,0.000665134,3596094.048,186980.8284,0.001003553,1
3596094.048,119.999998,0.003319225,0.000671094,3596094.048,68344.3671,0.000995767,1
3596094.048,119.999998,0.003332134,0.000668546,3596094.048,189207.8524,0.00099964,1
3596094.048,119.999998,0.003297095,0.000659728,3596094.048,225199.6957,0.000989129,1
3596094.048,119.999998,0.003323523,0.000664066,3596094.048,211224.0389,0.000997057,1
3596094.048,119.999998,0.003302868,0.000660514,3596094.048,251601.0113,0.00099086,1
3596094.048,119.999998,0.003311217,0.000671119,3596094.048,403484.5899,0.000993365,1
3596094.048,119.999998,0.003305647,0.000671944,3596094.048,21919.70011,0.000991694,1
3596094.048,119.999998,0.003362175,0.000665736,3596094.048,16549.8425,0.001008652,1
3596094.048,119.999998,0.00330243,0.00066268,3596094.048,187417.3143,0.000990729,1
3596094.048,119.999998,0.003353787,0.000667524,3596094.048,13155.59033,0.001006136,1
3596094.048,119.999998,0.003344919,0.000670492,3596094.048,60660.86397,0.001003476,1
3596094.048,119.999998,0.003300487,0.000667181,3596094.048,91028.25537,0.000990146,1
3596094.048,119.999998,0.003325247,0.000668849,3596094.048,55328.30361,0.000997574,1
3596094.048,119.999998,0.003312175,0.000660039,3596094.048,66351.39682,0.000993652,1
3596094.048,119.999998,0.003339137,0.000661253,3596094.048,126128.6133,0.001001741,1
3596094.048,119.999998,0.003312988,0.00066534,3596094.048,85597.58703,0.000993896,1
3596094.048,119.999998,0.003353063,0.000670694,3596094.048,51866.68667,0.001005919,1
3596094.048,119.999998,0.003345517,0.000671857,3596094.048,128236.9889,0.001003655,1
3596094.048,119.999998,0.00330897,0.000667152,3596094.048,228268.6104,0.000992691,1
3596094.048,119.999998,0.003313233,0.000664065,3596094.048,62940.32035,0.00099397,1
3596094.048,119.999998,0.003319416,0.000663877,3596094.048,82020.29457,0.000995825,1
3596094.048,119.999998,0.003323875,0.000662767,3596094.048,207868.638,0.000997162,1
3596094.048,119.999998,0.003337517,0.000667495,3596094.048,4964.385183,0.001001255,1
3596094.048,119.999998,0.003328751,0.000667851,3596094.048,152716.0098,0.000998625,1
3596094.048,119.999998,0.003324139,0.000669143,3596094.048,64621.80457,0.000997242,1
3596094.048,119.999998,0.003360603,0.000665209,3596094.048,46608.45053,0.001008181,1
3596094.048,119.999998,0.003306452,0.000668479,3596094.048,150003.8513,0.000991936,1
3596094.048,119.999998,0.003321528,0.000663948,3596094.048,103645.1302,0.000996458,1
3596094.048,119.999998,0.003334348,0.000671697,3596094.048,4883.912319,0.001000304,1
3596094.048,119.999998,0.003349943,0.000662079,3596094.048,100476.2156,0.001004983,1
3596094.048,119.999998,0.003357956,0.000661966,3596094.048,18339.43468,0.001007387,1
3596094.048,119.999998,0.003341788,0.000665751,3596094.048,48270.61045,0.001002536,1
3596094.048,119.999998,0.003313183,0.000665701,3596094.048,231744.2814,0.000993955,1
3596094.048,119.999998,0.003341307,0.000665562,3596094.048,40812.51242,0.001002392,1
3596094.048,119.999998,0.00332718,0.000664528,3596094.048,204411.8859,0.000998154,1
3596094.048,119.999998,0.00331144,0.000665267,3596094.048,262382.0779,0.000993432,1
3596094.048,119.999998,0.003297548,0.000667491,3596094.048,72196.79433,0.000989264,1
3596094.048,119.999998,0.003333845,0.000670995,3596094.048,73798.27865,0.001000153,1
3596094.048,119.999998,0.003326818,0.000659985,3596094.048,167875.4488,0.000998046,1
3596094.048,119.999998,0.003304011,0.000661306,3596094.048,315059.0337,0.000991203,1
3596094.048,119.999998,0.003315414,0.000668129,3596094.048,301409.0521,0.000994624,1
3596094.048,119.999998,0.00332395,0.000669662,3596094.048,79142.05521,0.000997185,1
3596094.048,119.999998,0.003342156,0.000670129,3596094.048,308846.8799,0.001002647,1
3596094.048,119.999998,0.003348539,0.000662564,3596094.048,270517.202,0.001004562,1
3596094.048,119.999998,0.003318532,0.000661569,3596094.048,331619.8221,0.00099556,1
3596094.048,119.999998,0.00334449,0.000665477,3596094.048,345327.9117,0.001003347,1
3596094.048,119.999998,0.003303183,0.000665465,3596094.048,43613.85998,0.000990955,1
3596094.048,119.999998,0.003301367,0.000666314,3596094.048,26459.4237,0.00099041,1
3596094.048,119.999998,0.003320892,0.000660436,3596094.048,55026.41213,0.000996268,1
3596094.048,119.999998,0.003337969,0.000671318,3596094.048,73380.17111,0.001001391,1
3596094.048,119.999998,0.003300316,0.000666909,3596094.048,78584.62353,0.000990095,1
3596094.048,119.999998,0.00329967,0.000659481,3596094.048,7622.381591,0.000989901,1
3596094.048,119.999998,0.003353917,0.000660769,3596094.048,72728.41523,0.001006175,1
3596094.048,119.999998,0.003303723,0.000669707,3596094.048,214541.602,0.000991117,1
3596094.048,119.999998,0.003339721,0.000670101,3596094.048,85074.34449,0.001001916,1
3596094.048,119.999998,0.003339137,0.000660878,3596094.048,72058.95668,0.001001741,1
3596094.048,119.999998,0.003317343,0.000661543,3596094.048,31124.55253,0.000995203,1
3596094.048,119.999998,0.003349125,0.000671708,3596094.048,77930.7055,0.001004738,1
3596094.048,119.999998,0.003300749,0.000671357,3596094.048,45756.96519,0.000990225,1
3596094.048,119.999998,0.003352947,0.000666174,3596094.048,111065.5256,0.001005884,1
3596094.048,119.999998,0.003307597,0.000668042,3596094.048,128758.4747,0.000992279,1
3596094.048,119.999998,0.003303177,0.000666701,3596094.048,96868.51775,0.000990953,1
3596094.048,119.999998,0.003349764,0.000666756,3596094.048,67036.12563,0.001004929,1
3596094.048,119.999998,0.003305615,0.000666281,3596094.048,112435.9291,0.000991684,1
3596094.048,119.999998,0.003327648,0.000670849,3596094.048,16834.43671,0.000998294,1
3596094.048,119.999998,0.003361198,0.000666887,3596094.048,24123.61605,0.001008359,1
3596094.048,119.999998,0.003342075,0.000669745,3596094.048,157017.3554,0.001002622,1
3596094.048,119.999998,0.003348601,0.000660318,3596094.048,44711.5612,0.00100458,1
3596094.048,119.999998,0.003300816,0.000666061,3596094.048,78481.2453,0.000990245,1
3596094.048,119.999998,0.003313969,0.000671484,3596094.048,100763.1071,0.000994191,1
3596094.048,119.999998,0.00330873,0.000671834,3596094.048,53112.63093,0.000992619,1
3596094.048,119.999998,0.003342037,0.000667469,3596094.048,37039.13914,0.001002611,1
3596094.048,119.999998,0.003319615,0.000662325,3596094.048,13364.90086,0.000995885,1
3596094.048,119.999998,0.003318647,0.000668656,3596094.048,56504.65337,0.000995594,1
3596094.048,119.999998,0.003314259,0.000664125,3596094.048,186640.2883,0.000994278,1
3596094.048,119.999998,0.003343375,0.000667038,3596094.048,70393.82379,0.001003013,1
3596094.048,119.999998,0.003358544,0.000663139,3596094.048,155106.5472,0.001007563,1
3596094.048,119.999998,0.003318352,0.000661933,3596094.048,218045.6513,0.000995506,1
3596094.048,119.999998,0.003297339,0.000668314,3596094.048,88408.66431,0.000989202,1
3596094.048,119.999998,0.003315922,0.000664287,3596094.048,155930.8704,0.000994777,1
3596094.048,119.999998,0.003322525,0.000660774,3596094.048,35374.9522,0.000996757,1
3596094.048,119.999998,0.003337124,0.000664277,3596094.048,119770.649,0.001001137,1
3596094.048,119.999998,0.003360439,0.000667805,3596094.048,84116.23768,0.001008132,1
3596094.048,119.999998,0.003312241,0.000669386,3596094.048,15866.19478,0.000993672,1
3596094.048,119.999998,0.003359159,0.000667212,3596094.048,179313.2712,0.001007748,1
3596094.048,119.999998,0.003312386,0.000662651,3596094.048,180344.3509,0.000993716,1
3596094.048,119.999998,0.003343802,0.000668477,3596094.048,180515.9723,0.001003141,1
3596094.048,119.999998,0.003316159,0.000664733,3596094.048,60610.59377,0.000994848,1
3596094.048,119.999998,0.003343744,0.0006701,3596094.048,25731.45171,0.001003123,1
3596094.048,119.999998,0.003322998,0.000669342,3596094.048,226121.3161,0.000996899,1
3596094.048,119.999998,0.003310894,0.000669815,3596094.048,162875.4556,0.000993268,1
3596094.048,119.999998,0.003304949,0.00066123,3596094.048,259288.8388,0.000991485,1
3596094.048,119.999998,0.003357567,0.000668674,3596094.048,145247.101,0.00100727,1
3596094.048,119.999998,0.003341552,0.00066317,3596094.048,15556.06006,0.001002465,1
3596094.048,119.999998,0.003327894,0.00066539,3596094.048,154751.1422,0.000998368,1
3596094.048,119.999998,0.00334407,0.000669802,3596094.048,255267.2226,0.001003221,1
3596094.048,119.999998,0.003358834,0.000661091,3596094.048,81963.13248,0.00100765,1
3596094.048,119.999998,0.003303074,0.000670387,3596094.048,58145.1917,0.000990922,1
3596094.048,119.999998,0.003362008,0.00066236,3596094.048,261126.6742,0.001008602,1
3596094.048,119.999998,0.003337161,0.000667069,3596094.048,312782.0098,0.001001148,1
3596094.048,119.999998,0.003345953,0.000672478,3596094.048,279787.4597,0.001003786,1
3596094.048,119.999998,0.003314049,0.00066095,3596094.048,73287.06313,0.000994215,1
3596094.048,119.999998,0.003300453,0.000665511,3596094.048,263328.0225,0.000990136,1
3596094.048,119.999998,0.003303638,0.000666154,3596094.048,388230.5564,0.000991091,1
3596094.048,119.999998,0.00329962,0.000667564,3596094.048,211155.1201,0.000989886,1
3596094.048,119.999998,0.003307323,0.000660188,3596094.048,9102.041754,0.000992197,1
3596094.048,119.999998,0.003306546,0.000670136,3596094.048,36098.19446,0.000991964,1
3596094.048,119.999998,0.003301286,0.000666141,3596094.048,11238.2686,0.000990386,1
3596094.048,119.999998,0.003360894,0.000666925,3596094.048,7201.247025,0.001008268,1
3596094.048,119.999998,0.003334351,0.000670178,3596094.048,49105.33905,0.001000305,1
3596094.048,119.999998,0.003320126,0.000665523,3596094.048,78219.35376,0.000996038,1
3596094.048,119.999998,0.003300485,0.000662228,3596094.048,221191.593,0.000990146,1
3596094.048,119.999998,0.003331313,0.000672041,3596094.048,72089.90258,0.000999394,1
3596094.048,119.999998,0.003299091,0.000669126,3596094.048,325883.3434,0.000989727,1
3596094.048,119.999998,0.003342844,0.000671328,3596094.048,191937.5785,0.001002853,1
3596094.048,119.999998,0.003323417,0.000663204,3596094.048,113295.1172,0.000997025,1
3596094.048,119.999998,0.003314345,0.000668742,3596094.048,146983.5852,0.000994304,1
3596094.048,119.999998,0.003341096,0.000669988,3596094.048,160532.2155,0.001002329,1
3596094.048,119.999998,0.003312335,0.000669205,3596094.048,103112.158,0.0009937,1
3596094.048,119.999998,0.003355883,0.000665451,3596094.048,186436.2345,0.001006765,1
3596094.048,119.999998,0.003298982,0.000664432,3596094.048,17440.11157,0.000989694,1
3596094.048,119.999998,0.003312979,0.000671792,3596094.048,142010.6189,0.000993894,1
3596094.048,119.999998,0.003312401,0.000670935,3596094.048,95554.6006,0.00099372,1
3596094.048,119.999998,0.003313913,0.000661123,3596094.048,383775.1571,0.000994174,1
3596094.048,119.999998,0.003305774,0.000664887,3596094.048,96758.24762,0.000991732,1
3596094.048,119.999998,0.003329473,0.000665378,3596094.048,93847.84615,0.000998842,1
3596094.048,119.999998,0.003298353,0.000672524,3596094.048,128146.7187,0.000989506,1
3596094.048,119.999998,0.003310394,0.000661091,3596094.048,170890.3096,0.000993118,1
3596094.048,119.999998,0.00335946,0.000667061,3596094.048,12100.52419,0.001007838,1
3596094.048,119.999998,0.003307148,0.00066534,3596094.048,29742.12197,0.000992144,1
3596094.048,119.999998,0.00331746,0.000660705,3596094.048,79559.21681,0.000995238,1
3596094.048,119.999998,0.003304113,0.000665322,3596094.048,110161.4728,0.000991234,1
3596094.048,119.999998,0.003304528,0.000663013,3596094.048,73573.00869,0.000991358,1
3596094.048,119.999998,0.003297046,0.000661201,3596094.048,4314.142819,0.000989114,1
3596094.048,119.999998,0.003326199,0.000659537,3596094.048,178084.8945,0.00099786,1
3596094.048,119.999998,0.003325127,0.000665761,3596094.048,47978.31354,0.000997538,1
3596094.048,119.999998,0.003328559,0.000672074,3596094.048,144338.9941,0.000998568,1
3596094.048,119.999998,0.003359164,0.000672258,3596094.048,208209.1781,0.001007749,1
3596094.048,119.999998,0.003338312,0.00066441,3596094.048,148959.2582,0.001001494,1
3596094.048,119.999998,0.003313798,0.000669964,3596094.048,296409.0589,0.000994139,1
3596094.048,119.999998,0.003336129,0.000667249,3596094.048,83204.61729,0.001000839,1
3596094.048,119.999998,0.003327522,0.00066894,3596094.048,147955.2055,0.000998257,1
3596094.048,119.999998,0.003351585,0.000671279,3596094.048,71613.41674,0.001005476,1
3596094.048,119.999998,0.003313041,0.000664277,3596094.048,171755.1733,0.000993912,1
3596094.048,119.999998,0.003359791,0.000670801,3596094.048,245587.506,0.001007937,1
3596094.048,119.999998,0.003335812,0.000667685,3596094.048,22745.64494,0.001000744,1
3596094.048,119.999998,0.003303796,0.000667328,3596094.048,18835.51509,0.000991139,1
3596094.048,119.999998,0.003335957,0.000662711,3596094.048,171309.228,0.001000787,1
3596094.048,119.999998,0.003308265,0.000661731,3596094.048,175359.2225,0.00099248,1
3596094.048,119.999998,0.003333292,0.000668763,3596094.048,111212.0119,0.000999988,1
3596094.048,119.999998,0.003317818,0.000662376,3596094.048,104803.7773,0.000995345,1
3596094.048,119.999998,0.003325717,0.000669043,3596094.048,73209.6308,0.000997715,1
3596094.048,119.999998,0.003326191,0.000661898,3596094.048,164067.3459,0.000997857,1
3596094.048,119.999998,0.003354657,0.000660986,3596094.048,69482.47367,0.001006397,1
3596094.048,119.999998,0.003334532,0.00066346,3596094.048,52949.92845,0.001000359,1
3596094.048,119.999998,0.003336442,0.000662059,3596094.048,151316.0117,0.001000933,1
3596094.048,119.999998,0.003305984,0.000659513,3596094.048,14212.81863,0.000991795,1
3596094.048,119.999998,0.003302188,0.000666475,3596094.048,23045.23913,0.000990656,1
3596094.048,119.999998,0.003333246,0.00066131,3596094.048,309284.7172,0.000999974,1
3596094.048,119.999998,0.0033195,0.000664285,3596094.048,27116.17957,0.00099585,1
3596094.048,119.999998,0.003308646,0.00066251,3596094.048,142828.1854,0.000992594,1
3596094.048,119.999998,0.003327877,0.000665722,3596094.048,229379.4198,0.000998363,1
3596094.048,119.999998,0.003353437,0.000669578,3596094.048,180272.7294,0.001006031,1
3596094.048,119.999998,0.00334405,0.0006632,3596094.048,81480.56557,0.001003215,1
3596094.048,119.999998,0.003355376,0.00067145,3596094.048,77538.54387,0.001006613,1
3596094.048,119.999998,0.003308325,0.000669363,3596094.048,72852.60425,0.000992498,1
3596094.048,119.999998,0.003328549,0.000661901,3596094.048,80516.51282,0.000998565,1
3596094.048,119.999998,0.003321209,0.000669346,3596094.048,58379.65084,0.000996363,1
3596094.048,119.999998,0.003323753,0.000672255,3596094.048,44225.61591,0.000997126,1
3596094.048,119.999998,0.00336051,0.000660893,3596094.048,80326.91848,0.001008153,1
3596094.048,119.999998,0.003317475,0.000671536,3596094.048,79956.2433,0.000995243,1
3596094.048,119.999998,0.003314848,0.000668768,3596094.048,58546.27223,0.000994454,1
3596094.048,119.999998,0.003327799,0.000659425,3596094.048,49870.60828,0.00099834,1
3596094.048,119.999998,0.003304317,0.00066288,3596094.048,33485.36015,0.000991295,1
3596094.048,119.999998,0.003334053,0.000670968,3596094.048,123244.8335,0.001000216,1
3596094.048,119.999998,0.003301643,0.000662372,3596094.048,55746.95169,0.000990493,1
3596094.048,119.999998,0.003302303,0.000663959,3596094.048,169932.2028,0.000990691,1
3596094.048,119.999998,0.003304237,0.000661536,3596094.048,253901.0082,0.000991271,1
3596094.048,119.999998,0.003303925,0.0006723,3596094.048,112089.308,0.000991178,1
3596094.048,119.999998,0.003336957,0.000671188,3596094.048,73445.30615,0.001001087,1
3596094.048,119.999998,0.003330151,0.000667664,3596094.048,206780.8016,0.000999045,1
3596094.048,119.999998,0.003360475,0.000669394,3596094.048,375131.9255,0.001008142,1
3596094.048,119.999998,0.003310908,0.000663573,3596094.048,47617.63835,0.000993272,1
3596094.048,119.999998,0.003322197,0.000661316,3596094.048,159117.3525,0.000996659,1
3596094.048,119.999998,0.003314473,0.000668392,3596094.048,35328.33064,0.000994342,1
3596094.048,119.999998,0.003327784,0.000671696,3596094.048,151880.8758,0.000998335,1
3596094.048,119.999998,0.003305525,0.000668511,3596094.048,38230.35374,0.000991657,1
3596094.048,119.999998,0.003318874,0.000664483,3596094.048,374342.7374,0.000995662,1
3596094.048,119.999998,0.003361445,0.00067027,3596094.048,197375.409,0.001008434,1
3596094.048,119.999998,0.003347869,0.000663549,3596094.048,4322.777942,0.001004361,1
3596094.048,119.999998,0.003357214,0.000660973,3596094.048,158237.624,0.001007164,1
3596094.048,119.999998,0.003316801,0.00066291,3596094.048,156456.5453,0.00099504,1
3596094.048,119.999998,0.003355982,0.000660395,3596094.048,102744.726,0.001006795,1
3596094.048,119.999998,0.003346116,0.000661949,3596094.048,41913.86228,0.001003835,1
3596094.048,119.999998,0.003339623,0.000664351,3596094.048,39450.08182,0.001001887,1
3596094.048,119.999998,0.003316368,0.000667842,3596094.048,40837.51238,0.00099491,1
3596094.048,119.999998,0.003335487,0.000668458,3596094.048,29013.33917,0.001000646,1
3596094.048,119.999998,0.00333471,0.000670815,3596094.048,64593.02082,0.001000413,1
3596094.048,119.999998,0.003358725,0.000661072,3596094.048,86648.26129,0.001007618,1
3596094.048,119.999998,0.003336034,0.000660607,3596094.048,318006.327,0.00100081,1
3596094.048,119.999998,0.003314793,0.000666372,3596094.048,427076.4499,0.000994438,1
3596094.048,119.999998,0.003312575,0.000663464,3596094.048,241025.35,0.000993773,1
3596094.048,119.999998,0.003309947,0.000672608,3596094.048,119362.5414,0.000992984,1
3596094.048,119.999998,0.003349458,0.0006604,3596094.048,93703.79229,0.001004837,1
3596094.048,119.999998,0.003345828,0.000668216,3596094.048,226580.7749,0.001003748,1
3596094.048,119.999998,0.003360785,0.000663527,3596094.048,249796.9597,0.001008235,1
3596094.048,119.999998,0.003313444,0.000669317,3596094.048,24560.50735,0.000994033,1
3596094.048,119.999998,0.003301965,0.000664369,3596094.048,9979.270298,0.00099059,1
3596094.048,119.999998,0.003305198,0.000659722,3596094.048,106194.316,0.000991559,1
3596094.048,119.999998,0.003327786,0.000666163,3596094.048,31580.76813,0.000998336,1
3596094.048,119.999998,0.003342906,0.000659691,3596094.048,184622.7235,0.001002872,1
3596094.048,119.999998,0.003325658,0.000659878,3596094.048,1607.173504,0.000997698,1
3596094.048,119.999998,0.003347305,0.000660419,3596094.048,72358.55087,0.001004191,1
3596094.048,119.999998,0.003331172,0.000659676,3596094.048,147794.3949,0.000999352,1
3596094.048,119.999998,0.003323466,0.000671042,3596094.048,92479.06422,0.00099704,1
3596094.048,119.999998,0.003305008,0.000671738,3596094.048,118656.0559,0.000991502,1
3596094.048,119.999998,0.003311732,0.000668568,3596094.048,89293.52798,0.00099352,1
3596094.048,119.999998,0.003359856,0.000664935,3596094.048,142053.8621,0.001007957,1
3596094.048,119.999998,0.003327537,0.000660947,3596094.048,7534.043873,0.000998261,1
3596094.048,119.999998,0.003323694,0.000667629,3596094.048,38882.51502,0.000997108,1
3596094.048,119.999998,0.003329145,0.000663102,3596094.048,107930.5298,0.000998743,1
3596094.048,119.999998,0.003361102,0.000661321,3596094.048,252218.5781,0.001008331,1
3596094.048,119.999998,0.003359278,0.000666307,3596094.048,320087.4053,0.001007783,1
3596094.048,119.999998,0.003353394,0.000659358,3596094.048,131248.6064,0.001006018,1
3596094.048,119.999998,0.003329625,0.000660163,3596094.048,98981.48786,0.000998887,1
3596094.048,119.999998,0.003315075,0.000663181,3596094.048,234088.8729,0.000994522,1
3596094.048,119.999998,0.003343115,0.000668028,3596094.048,66398.01838,0.001002935,1
3596094.048,119.999998,0.003303332,0.00067043,3596094.048,175056.5202,0.000991,1
3596094.048,119.999998,0.003318596,0.000660599,3596094.048,50767.09356,0.000995579,1
3596094.048,119.999998,0.003334959,0.000662184,3596094.048,108472.2858,0.001000488,1
3596094.048,119.999998,0.003317616,0.000659517,3596094.048,196888.9231,0.000995285,1
3596094.048,119.999998,0.003321446,0.000664996,3596094.048,177222.7335,0.000996434,1
3596094.048,119.999998,0.003322144,0.000671879,3596094.048,251579.3898,0.000996643,1
3596094.048,119.999998,0.003316319,0.000662964,3596094.048,75319.35768,0.000994896,1
3596094.048,119.999998,0.003341788,0.000668925,3596094.048,183437.5899,0.001002536,1
3596094.048,119.999998,0.003304404,0.000670469,3596094.048,245652.3707,0.000991321,1
3596094.048,119.999998,0.003338433,0.000669624,3596094.048,308545.529,0.00100153,1
3596094.048,119.999998,0.003315449,0.000669897,3596094.048,275956.3838,0.000994635,1
3596094.048,119.999998,0.00333167,0.000671176,3596094.048,306115.8025,0.000999501,1
3596094.048,119.999998,0.003348505,0.000659811,3596094.048,145459.2629,0.001004552,1
3596094.048,119.999998,0.003324404,0.000667433,3596094.048,236152.3836,0.000997321,1
3596094.048,119.999998,0.003342775,0.000663854,3596094.048,264092.8864,0.001002832,1
3596094.048,119.999998,0.003356465,0.000665445,3596094.048,86020.69457,0.001006939,1
3596094.048,119.999998,0.003344281,0.000672281,3596094.048,87061.09857,0.001003284,1
3596094.048,119.999998,0.003307597,0.000660421,3596094.048,15954.30276,0.000992279,1
3596094.048,119.999998,0.00330337,0.00066564,3596094.048,111997.6865,0.000991011,1
3596094.048,119.999998,0.003352996,0.000667015,3596094.048,124293.3455,0.001005899,1
3596094.048,119.999998,0.003329115,0.000669813,3596094.048,11634.64644,0.000998734,1
3596094.048,119.999998,0.003297524,0.000668083,3596094.048,143164.6714,0.000989257,1
3596094.048,119.999998,0.00331442,0.00066638,3596094.048,256652.3559,0.000994326,1
3596094.048,119.999998,0.003313407,0.000666773,3596094.048,101636.4843,0.000994022,1
3596094.048,119.999998,0.003331567,0.000661972,3596094.048,37928.32712,0.00099947,1
3596094.048,119.999998,0.003308907,0.000665093,3596094.048,1449.700744,0.000992672,1
3596094.048,119.999998,0.003348401,0.000660626,3596094.048,47326.6928,0.00100452,1
3596094.048,119.999998,0.003317344,0.000663431,3596094.048,120836.9989,0.000995203,1
3596094.048,119.999998,0.003309578,0.000666047,3596094.048,98609.19107,0.000992874,1
3596094.048,119.999998,0.003319907,0.000670228,3596094.048,220367.2698,0.000995972,1
3596094.048,119.999998,0.003313145,0.000663766,3596094.048,254710.4666,0.000993944,1
3596094.048,119.999998,0.003356058,0.000665435,3596094.048,64647.20994,0.001006817,1
3596094.048,119.999998,0.003301341,0.000667973,3596094.048,50115.06741,0.000990402,1
3596094.048,119.999998,0.003303947,0.000662703,3596094.048,264595.5884,0.000991184,1
3596094.048,119.999998,0.003315616,0.000665904,3596094.048,240898.3231,0.000994685,1
3596094.048,119.999998,0.003339371,0.000664814,3596094.048,315721.195,0.001001811,1
3596094.048,119.999998,0.003305667,0.000665738,3596094.048,207634.8545,0.0009917,1
3596094.048,119.999998,0.003299331,0.000670848,3596094.048,162261.9429,0.000989799,1
3596094.048,119.999998,0.003355578,0.000668733,3596094.048,12440.23995,0.001006673,1
3596094.048,119.999998,0.003318398,0.000670802,3596094.048,7455.31425,0.00099552,1
3596094.048,119.999998,0.003359314,0.000663004,3596094.048,84751.9125,0.001007794,1
3596094.048,119.999998,0.003336807,0.000662094,3596094.048,96743.11251,0.001001042,1
3596094.048,119.999998,0.003349329,0.000660042,3596094.048,17264.30099,0.001004799,1
3596094.048,119.999998,0.003353231,0.000662768,3596094.048,85600.28973,0.001005969,1
3596094.048,119.999998,0.003341607,0.000660722,3596094.048,257515.8682,0.001002482,1
3596094.048,119.999998,0.003320433,0.00066801,3596094.048,109555.3925,0.00099613,1
3596094.048,119.999998,0.00332454,0.000671845,3596094.048,98052.02966,0.000997362,1
3596094.048,119.999998,0.003350619,0.000667223,3596094.048,40345.35088,0.001005186,1
3596094.048,119.999998,0.003338674,0.000662199,3596094.048,36503.59932,0.001001602,1
3596094.048,119.999998,0.003302981,0.000668621,3596094.048,72310.71309,0.000990894,1
3596094.048,119.999998,0.003311426,0.000672507,3596094.048,104608.237,0.000993428,1
3596094.048,119.999998,0.003352711,0.000663483,3596094.048,48678.85314,0.001005813,1
3596094.048,119.999998,0.00333078,0.000660466,3596094.048,267714.5031,0.000999234,1
3596094.048,119.999998,0.003299955,0.000664507,3596094.048,205888.911,0.000989986,1
3596094.048,119.999998,0.003320024,0.000671999,3596094.048,100027.7027,0.000996007,1
3596094.048,119.999998,0.003310601,0.000666447,3596094.048,117254.5713,0.00099318,1
3596094.048,119.999998,0.003340031,0.00066061,3596094.048,176493.0047,0.001002009,1
3596094.048,119.999998,0.003309093,0.000664639,3596094.048,76374.35625,0.000992728,1
3596094.048,119.999998,0.00335145,0.000665316,3596094.048,7919.273082,0.001005435,1
3596094.048,119.999998,0.003356046,0.000661388,3596094.048,76948.95007,0.001006814,1
3596094.048,119.999998,0.003305112,0.000661334,3596094.048,111831.0651,0.000991534,1
3596094.048,119.999998,0.0033054,0.000662089,3596094.048,300330.6752,0.00099162,1
3596094.048,119.999998,0.003333598,0.000663116,3596094.048,47773.04355,0.001000079,1
3596094.048,119.999998,0.003357486,0.000664715,3596094.048,57094.78771,0.001007246,1
3596094.048,119.999998,0.003352848,0.000661179,3596094.048,68037.07022,0.001005855,1
3596094.048,119.999998,0.003348958,0.000661449,3596094.048,92667.57748,0.001004687,1
3596094.048,119.999998,0.003349332,0.000669316,3596094.048,168625.4478,0.001004799,1
3596094.048,119.999998,0.003362083,0.000660713,3596094.048,9297.149598,0.001008625,1
3596094.048,119.999998,0.003314264,0.000667005,3596094.048,156761.9503,0.000994279,1
3596094.048,119.999998,0.003309422,0.000666442,3596094.048,221859.1596,0.000992827,1
3596094.048,119.999998,0.00335256,0.0006701,3596094.048,184638.9397,0.001005768,1
3596094.048,119.999998,0.003323396,0.000669267,3596094.048,12043.49724,0.000997019,1
3596094.048,119.999998,0.003306328,0.000659425,3596094.048,55751.00574,0.000991898,1
3596094.048,119.999998,0.003310255,0.000659916,3596094.048,34459.68316,0.000993077,1
3596094.048,119.999998,0.003332761,0.000659724,3596094.048,103392.4278,0.000999828,1
3596094.048,119.999998,0.003325729,0.000669854,3596094.048,120072.4053,0.000997719,1
3596094.048,119.999998,0.003357861,0.000671413,3596094.048,68972.6095,0.001007358,1
3596094.048,119.999998,0.003315811,0.000664512,3596094.048,1490.984472,0.000994743,1
3596094.048,119.999998,0.003318085,0.000671325,3596094.048,204444.3183,0.000995426,1
3596094.048,119.999998,0.003328951,0.000669436,3596094.048,141068.7283,0.000998685,1
3596094.048,119.999998,0.003323464,0.000672038,3596094.048,155979.5189,0.000997039,1
3596094.048,119.999998,0.003310173,0.000659773,3596094.048,9439.649406,0.000993052,1
3596094.048,119.999998,0.003344959,0.000663932,3596094.048,141675.4842,0.001003488,1
3596094.048,119.999998,0.003341158,0.000670396,3596094.048,88663.52883,0.001002347,1
3596094.048,119.999998,0.003318789,0.000670289,3596094.048,145948.4514,0.000995637,1
3596094.048,119.999998,0.003342573,0.000670951,3596094.048,155787.6273,0.001002772,1
3596094.048,119.999998,0.003301753,0.000671319,3596094.048,69914.63525,0.000990526,1
3596094.048,119.999998,0.003359546,0.000665962,3596094.048,29145.09575,0.001007864,1
3596094.048,119.999998,0.003354874,0.000664932,3596094.048,261130.7282,0.001006462,1
3596094.048,119.999998,0.003314116,0.000659686,3596094.048,331813.0651,0.000994235,1
3596094.048,119.999998,0.003360055,0.000672015,3596094.048,154352.4941,0.001008017,1
3596094.048,119.999998,0.003318283,0.000659929,3596094.048,27962.93519,0.000995485,1
3596094.048,119.999998,0.00330777,0.000664888,3596094.048,36983.3284,0.000992331,1
3596094.048,119.999998,0.003337029,0.000661491,3596094.048,63000.32027,0.001001109,1
3596094.048,119.999998,0.003323282,0.00066481,3596094.048,183998.4,0.000996985,1
3596094.048,119.999998,0.003325046,0.000660175,3596094.048,28564.15059,0.000997514,1
3596094.048,119.999998,0.003320913,0.000660271,3596094.048,4891.412309,0.000996274,1
3596094.048,119.999998,0.003344745,0.000670746,3596094.048,175618.6816,0.001003424,1
3596094.048,119.999998,0.003302194,0.000668751,3596094.048,177934.8947,0.000990658,1
3596094.048,119.999998,0.003321649,0.000671966,3596094.048,28909.01499,0.000996495,1
3596094.048,119.999998,0.003332977,0.000672519,3596094.048,78594.35325,0.000999893,1
3596094.048,119.999998,0.00330182,0.00066997,3596094.048,128366.7184,0.000990546,1
3596094.048,119.999998,0.003321477,0.000664682,3596094.048,2810.482689,0.000996443,1
3596094.048,119.999998,0.003339583,0.000671176,3596094.048,250887.4988,0.001001875,1
3596094.048,119.999998,0.003315527,0.000670061,3596094.048,24772.53409,0.000994658,1
3596094.048,119.999998,0.003352146,0.000660285,3596094.048,24841.72319,0.001005644,1
3596094.048,119.999998,0.003298913,0.000664841,3596094.048,106751.072,0.000989674,1
3596094.048,119.999998,0.003325667,0.00067101,3596094.048,243126.6985,0.0009977,1
3596094.048,119.999998,0.003327771,0.000668901,3596094.048,226230.7754,0.000998331,1
3596094.048,119.999998,0.003299871,0.000666221,3596094.048,151732.2274,0.000989961,1
3596094.048,119.999998,0.003328366,0.00067171,3596094.048,41610.61945,0.00099851,1
3596094.048,119.999998,0.003311131,0.000664417,3596094.048,63349.77926,0.000993339,1
3596094.048,119.999998,0.003356067,0.000667812,3596094.048,109963.2298,0.00100682,1
3596094.048,119.999998,0.003326501,0.000664448,3596094.048,135566.033,0.00099795,1
3596094.048,119.999998,0.003346769,0.000662215,3596094.048,66423.42375,0.001004031,1
3596094.048,119.999998,0.003354286,0.000671314,3596094.048,147706.5572,0.001006286,1
3596094.048,119.999998,0.003356733,0.000662957,3596094.048,43577.91408,0.00100702,1
3596094.048,119.999998,0.003337555,0.00066416,3596094.048,193199.7389,0.001001267,1
3596094.048,119.999998,0.003320856,0.000665411,3596094.048,110809.1746,0.000996257,1
3596094.048,119.999998,0.003338783,0.000668633,3596094.048,20490.10745,0.001001635,1
3596094.048,119.999998,0.003347748,0.000666786,3596094.048,116050.5189,0.001004324,1
3596094.048,119.999998,0.003310125,0.000662539,3596094.048,85118.93903,0.000993038,1
3596094.048,119.999998,0.003348032,0.00065963,3596094.048,45788.45164,0.00100441,1
3596094.048,119.999998,0.003339409,0.000669505,3596094.048,20012.27025,0.001001823,1
3596094.048,119.999998,0.003324673,0.000659654,3596094.048,337953.5974,0.000997402,1
3596094.048,119.999998,0.003298964,0.000670337,3596094.048,277695.5707,0.000989689,1
3596094.048,119.999998,0.003335415,0.00066658,3596094.048,137948.4622,0.001000624,1
3596094.048,119.999998,0.003312812,0.000671066,3596094.048,100173.1079,0.000993844,1
3596094.048,119.999998,0.003338659,0.000660176,3596094.048,185872.7218,0.001001598,1
3596094.048,119.999998,0.003333612,0.000660585,3596094.048,65172.74977,0.001000083,1
3596094.048,119.999998,0.003360044,0.00066816,3596094.048,27234.42266,0.001008013,1
3596094.048,119.999998,0.003322479,0.000666142,3596094.048,109889.4461,0.000996744,1
3596094.048,119.999998,0.003329278,0.000664891,3596094.048,182652.4559,0.000998783,1
3596094.048,119.999998,0.003331632,0.000671346,3596094.048,74244.89967,0.000999489,1
3596094.048,119.999998,0.003322566,0.000665351,3596094.048,198038.9216,0.00099677,1
3596094.048,119.999998,0.003297957,0.000659876,3596094.048,389207.5822,0.000989387,1
3596094.048,119.999998,0.003321,0.000666827,3596094.048,273615.8465,0.0009963,1
3596094.048,119.999998,0.003305363,0.00066386,3596094.048,89006.36621,0.000991609,1
3596094.048,119.999998,0.003308603,0.000670653,3596094.048,137645.7599,0.000992581,1
3596094.048,119.999998,0.003300092,0.000662485,3596094.048,65448.5602,0.000990028,1
3596094.048,119.999998,0.003340421,0.000660627,3596094.048,189442.9872,0.001002126,1
3596094.048,119.999998,0.003339919,0.000662596,3596094.048,149570.0681,0.001001976,1
3596094.048,119.999998,0.003310508,0.000665886,3596094.048,56555.73438,0.000993152,1
3596094.048,119.999998,0.003323131,0.000659649,3596094.048,53741.549,0.000996939,1
3596094.048,119.999998,0.00335648,0.000667799,3596094.048,93967.98112,0.001006944,1
3596094.048,119.999998,0.003304161,0.000670969,3596094.048,298518.5155,0.000991248,1
3596094.048,119.999998,0.003302982,0.000667196,3596094.048,10552.49925,0.000990894,1
3596094.048,119.999998,0.003338477,0.000669569,3596094.048,212324.0374,0.001001543,1
3596094.048,119.999998,0.003353758,0.000669151,3596094.048,141328.1874,0.001006127,1
3596094.048,119.999998,0.003298262,0.000660537,3596094.048,229529.4196,0.000989479,1
3596094.048,119.999998,0.003339042,0.000666033,3596094.048,143026.8337,0.001001713,1
3596094.048,119.999998,0.003333948,0.000666473,3596094.048,96995.27433,0.001000184,1
3596094.048,119.999998,0.003336026,0.000665714,3596094.048,253507.7655,0.001000808,1
3596094.048,119.999998,0.003325622,0.000666674,3596094.048,230340.2293,0.000997687,1
3596094.048,119.999998,0.003311191,0.000662059,3596094.048,10601.09378,0.000993357,1
3596094.048,119.999998,0.003337543,0.000666266,3596094.048,149648.4464,0.001001263,1
3596094.048,119.999998,0.003318791,0.000666426,3596094.048,100484.8642,0.000995637,1
3596094.048,119.999998,0.00330492,0.000663702,3596094.048,149445.744,0.000991476,1
3596094.048,119.999998,0.003352616,0.00066973,3596094.048,108346.4752,0.001005785,1
3596094.048,119.999998,0.003316249,0.000670108,3596094.048,5865.816398,0.000994875,1
3596094.048,119.999998,0.003362187,0.000665274,3596094.048,139906.5677,0.001008656,1
3596094.048,119.999998,0.003298611,0.000663372,3596094.048,52099.79446,0.000989583,1
3596094.048,119.999998,0.003303548,0.000668662,3596094.048,54596.54784,0.000991064,1
3596094.048,119.999998,0.003310464,0.000660353,3596094.048,3927.373071,0.000993139,1
3596094.048,119.999998,0.00332723,0.000669855,3596094.048,124809.5611,0.000998169,1
3596094.048,119.999998,0.003336673,0.000664256,3596094.048,123468.8872,0.001001002,1
3596094.048,119.999998,0.003348012,0.000665965,3596094.048,115908.6272,0.001004404,1
3596094.048,119.999998,0.003313808,0.000659628,3596094.048,197649.7329,0.000994142,1
3596094.049,119.999998,0.003304908,0.000661911,3596094.049,73685.84637,0.000991472,1
3596094.048,119.999998,0.00330139,0.000670524,3596094.048,294727.9801,0.000990417,1
3596094.049,119.999998,0.003333371,0.000663513,3596094.049,11605.0654,0.001000011,1
3596094.047,119.999998,0.003321576,0.000667276,3596094.047,20359.16168,0.000996473,1
3596094.05,119.999998,0.003354782,0.000665788,3596094.05,19963.75681,0.001006435,1
3596094.045,119.999998,0.003308232,0.000668687,3596094.045,217953.7595,0.00099247,1
3596094.054,119.999998,0.003301405,0.000663542,3596094.054,202382.1589,0.000990422,1
3596094.037,119.999998,0.003299908,0.000672451,3596094.037,237651.0302,0.000989973,1
3596094.068,119.999998,0.0033152,0.000661923,3596094.068,282340.159,0.00099456,1
3596094.014,119.999998,0.003303223,0.000668178,3596094.014,337073.8688,0.000990967,1
3596094.11,119.999998,0.003350205,0.000660555,3596094.11,205275.3983,0.001005061,1
3596093.939,119.999998,0.003302111,0.000664789,3596093.939,47551.15196,0.000990633,1
3596094.242,119.999998,0.003344215,0.000662794,3596094.242,8118.02957,0.001003265,1
3596093.703,119.999998,0.003329902,0.000665181,3596093.703,23198.75243,0.000998971,1
3596094.664,119.999998,0.003337702,0.000670028,3596094.664,38544.94791,0.00100131,1
3596092.952,119.999998,0.003343879,0.000659928,3596092.952,86230.15374,0.001003164,1
3596096.001,119.999998,0.003328421,0.000666939,3596096.001,102451.6183,0.000998526,1
3596090.571,119.999998,0.003332003,0.000672206,3596090.571,110755.6611,0.000999601,1
3596100.24,119.999998,0.003352495,0.000670111,3596100.24,171657.8761,0.001005748,1
3596083.022,119.999998,0.003313851,0.00066195,3596083.022,21998.75406,0.000994155,1
3596113.683,119.999998,0.003362424,0.000670822,3596113.683,10706.71526,0.001008727,1
3596059.083,119.999998,0.003331328,0.000663913,3596059.083,70284.49962,0.000999398,1
3596156.314,119.999998,0.00333582,0.000668359,3596156.314,144555.2101,0.001000746,1
3595983.168,119.999998,0.003339017,0.000669162,3595983.168,185667.3167,0.001001705,1
3596291.503,119.999998,0.003306258,0.000661628,3596291.503,77917.46227,0.000991878,1
3595742.431,119.999998,0.003335583,0.000663406,3595742.431,15859.7083,0.001000675,1
3596720.201,119.999998,0.003340963,0.000669487,3596720.201,3136.752518,0.001002289,1
3594978.997,119.999998,0.003329959,0.000672526,3594978.997,101962.9703,0.000998988,1
3598079.701,119.999998,0.003301489,0.000671848,3598079.701,8567.01545,0.000990447,1
3592557.962,119.999998,0.003348643,0.000664422,3592557.962,237449.6791,0.001004593,1
3602391.032,119.999998,0.003333706,0.000668073,3602391.032,56384.38326,0.001000112,1
3584880.803,119.999998,0.003330884,0.000666399,3584880.803,90894.20149,0.000999265,1
3616062.408,119.999998,0.003359105,0.000668515,3616062.408,310268.4996,0.001007732,1
3560534.068,119.999998,0.003327835,0.000660842,3560534.068,356992.7608,0.000998351,1
3659415.744,119.999998,0.003360348,0.000659615,3659415.744,255906.4109,0.001008104,1
3483328.787,119.999998,0.003333233,0.000672307,3483328.787,161128.1606,0.00099997,1
3796901.424,119.999998,0.003343114,0.000664882,3796901.424,135868.7353,0.001002934,1
3238503.082,119.999998,0.003307145,0.0006694,3238503.082,170809.2286,0.000992143,1
4232884.185,119.999998,0.00331548,0.000669842,4232884.185,102002.8351,0.000994644,1
2462113.36,119.999998,0.003321651,0.000668207,2462113.36,15447.14129,0.000996495,1
5615460.149,119.999998,0.003346187,0.000661866,5615460.149,86915.15282,0.001003856,1
0,119.999998,0.003311181,0.000669135,0,8049.28642,0.000993354,1
10000000,119.999998,0.003343522,0.000659585,10000000,102924.3204,0.001003057,1
